model,cluster,n,feature,mean_abs_shap,mean_signed_shap
rf,all,317,mean_years_schooling,2.4758496229536773,-1.1298170806043046
rf,all,317,enrol_secondary,1.162699193658741,-0.6495056830719524
rf,all,317,log_gdp_per_capita_ppp,1.3130443683078699,-0.4666594658012582
rf,all,317,log_population,0.30821485774419227,0.06833354907315947
rf,all,317,urban_population_pct,0.38890305518589374,0.09328295505624068
rf,all,317,agri_value_added_gdp,0.5915134991977528,0.14399357337108484
rf,all,317,manu_value_added_gdp,0.19988980482156887,0.03529796110075563
rf,all,317,services_value_added_gdp,0.4514266051215689,0.20011782148765406
rf,all,317,trade_openness,0.9578559577089913,0.024239614527698777
rf,all,317,gov_expenditure_gdp,0.8191167361050157,-0.14147783342836676
rf,all,317,inflation_cpi,0.13235321661922003,0.041643598816367075
rf,all,317,unemployment_rate,0.18456861948692874,-0.0812255386429717
rf,all,317,cluster_kmeans_k3,0.12590205151824505,-0.008954076603205323
rf,0,17,mean_years_schooling,2.45221089353921,2.45221089353921
rf,0,17,enrol_secondary,1.470353013697111,1.3332179779743478
rf,0,17,log_gdp_per_capita_ppp,0.8555908887488003,0.8555908887488003
rf,0,17,log_population,0.6834227859874029,0.18477619066721107
rf,0,17,urban_population_pct,0.643839267769249,-0.49401989033935934
rf,0,17,agri_value_added_gdp,1.1202060629949788,-1.011785653493316
rf,0,17,manu_value_added_gdp,0.20850664828826493,0.01926975135971992
rf,0,17,services_value_added_gdp,0.43305586034233945,0.010665234105730526
rf,0,17,trade_openness,0.5927514501783764,0.4472061320701794
rf,0,17,gov_expenditure_gdp,0.4685055298583521,0.13568710125875338
rf,0,17,inflation_cpi,0.14015911962627847,0.10546982638164921
rf,0,17,unemployment_rate,0.156247100380473,-0.00508761658102001
rf,0,17,cluster_kmeans_k3,0.5825300772950522,-0.5825300772950522
rf,1,105,mean_years_schooling,2.7686946250481137,-0.3921888409512458
rf,1,105,enrol_secondary,1.1131178429459399,-0.09921581304115766
rf,1,105,log_gdp_per_capita_ppp,0.9282878678756635,0.7016510195937561
rf,1,105,log_population,0.32058497128624586,-0.024125551102145548
rf,1,105,urban_population_pct,0.5486016561416983,0.01850549788954806
rf,1,105,agri_value_added_gdp,0.6170738739710887,0.5032445741784574
rf,1,105,manu_value_added_gdp,0.1738315451449093,-0.023771179934704935
rf,1,105,services_value_added_gdp,0.41339824486378446,-0.07812297923896447
rf,1,105,trade_openness,0.8477421217382141,0.18074465500867146
rf,1,105,gov_expenditure_gdp,0.7999309324959472,0.3355018907357497
rf,1,105,inflation_cpi,0.16557422693366275,0.025429672581475583
rf,1,105,unemployment_rate,0.17854970924150193,-0.08242194121317042
rf,1,105,cluster_kmeans_k3,0.10274142445763992,-0.06959612469732343
rf,2,188,mean_years_schooling,2.3168366602304316,-1.8630698454710841
rf,2,188,enrol_secondary,1.1698869394133018,-1.1364790572615937
rf,2,188,log_gdp_per_capita_ppp,1.5995216727739652,-1.2561607868121643
rf,2,188,log_population,0.27020614545096283,0.10334030567706373
rf,2,188,urban_population_pct,0.27911577607218185,0.1796058322595335
rf,2,188,agri_value_added_gdp,0.5138617798807437,0.0413615716245213
rf,2,188,manu_value_added_gdp,0.21034704167271168,0.06193167277551105
rf,2,188,services_value_added_gdp,0.4677139607729004,0.3628812353438803
rf,2,188,trade_openness,1.0562234516854485,-0.08269778544494526
rf,2,188,gov_expenditure_gdp,0.865494634108974,-0.42385894983185785
rf,2,188,inflation_cpi,0.1131504547469069,0.04312248655476996
rf,2,188,unemployment_rate,0.1928820673634634,-0.08605277484863663
rf,2,188,cluster_kmeans_k3,0.08310752957356403,0.06416046238413224
xgb,all,317,mean_years_schooling,2.48062801361084,-1.059852123260498
xgb,all,317,enrol_secondary,1.4351940155029297,-0.8576096892356873
xgb,all,317,log_gdp_per_capita_ppp,1.6063929796218872,-0.7184134125709534
xgb,all,317,log_population,0.44798949360847473,0.10260829329490662
xgb,all,317,urban_population_pct,0.5968692302703857,-0.018558071926236153
xgb,all,317,agri_value_added_gdp,0.5775772333145142,0.22074568271636963
xgb,all,317,manu_value_added_gdp,0.2829907536506653,0.05241275578737259
xgb,all,317,services_value_added_gdp,0.6998050212860107,0.20123951137065887
xgb,all,317,trade_openness,1.1248286962509155,0.0016400731401517987
xgb,all,317,gov_expenditure_gdp,0.9187343716621399,-0.015237084589898586
xgb,all,317,inflation_cpi,0.19819022715091705,0.0032994935754686594
xgb,all,317,unemployment_rate,0.24292781949043274,-0.09048032760620117
xgb,all,317,cluster_kmeans_k3,0.47156310081481934,0.00559061486274004
xgb,0,17,mean_years_schooling,2.276228666305542,2.276228666305542
xgb,0,17,enrol_secondary,2.073465347290039,1.8721293210983276
xgb,0,17,log_gdp_per_capita_ppp,1.6605323553085327,1.6605323553085327
xgb,0,17,log_population,0.8720308542251587,0.1767118126153946
xgb,0,17,urban_population_pct,0.680405855178833,-0.5997939705848694
xgb,0,17,agri_value_added_gdp,1.8560539484024048,-1.7543553113937378
xgb,0,17,manu_value_added_gdp,0.44735050201416016,0.057072535157203674
xgb,0,17,services_value_added_gdp,0.5860780477523804,-0.05278769135475159
xgb,0,17,trade_openness,0.8016610145568848,0.5651972889900208
xgb,0,17,gov_expenditure_gdp,0.669701099395752,0.38872504234313965
xgb,0,17,inflation_cpi,0.23872318863868713,0.1328120231628418
xgb,0,17,unemployment_rate,0.4071565270423889,0.08352621644735336
xgb,0,17,cluster_kmeans_k3,1.5524566173553467,-1.5524566173553467
xgb,1,105,mean_years_schooling,2.766662120819092,-0.0030331986490637064
xgb,1,105,enrol_secondary,1.2395247220993042,-0.21853139996528625
xgb,1,105,log_gdp_per_capita_ppp,0.9384303689002991,0.6134863495826721
xgb,1,105,log_population,0.561102032661438,-0.005993349943310022
xgb,1,105,urban_population_pct,0.8445202112197876,-0.17756561934947968
xgb,1,105,agri_value_added_gdp,0.5947840213775635,0.2703702747821808
xgb,1,105,manu_value_added_gdp,0.2968483567237854,0.014091087505221367
xgb,1,105,services_value_added_gdp,0.5703889727592468,-0.3353430926799774
xgb,1,105,trade_openness,1.043047547340393,0.29001671075820923
xgb,1,105,gov_expenditure_gdp,0.978742778301239,0.6032117605209351
xgb,1,105,inflation_cpi,0.28078436851501465,-0.019019514322280884
xgb,1,105,unemployment_rate,0.307483971118927,-0.13635894656181335
xgb,1,105,cluster_kmeans_k3,0.45485788583755493,-0.4492350220680237
xgb,2,188,mean_years_schooling,2.349783182144165,-1.950462818145752
xgb,2,188,enrol_secondary,1.4924858808517456,-1.4647246599197388
xgb,2,188,log_gdp_per_capita_ppp,2.0065512657165527,-1.710345983505249
xgb,2,188,log_population,0.3563424348831177,0.15607860684394836
xgb,2,188,urban_population_pct,0.4649580419063568,0.11815565079450607
xgb,2,188,agri_value_added_gdp,0.42767399549484253,0.38211920857429504
xgb,2,188,manu_value_added_gdp,0.23655542731285095,0.05784910172224045
xgb,2,188,services_value_added_gdp,0.7802947163581848,0.5138166546821594
xgb,2,188,trade_openness,1.2132854461669922,-0.20089226961135864
xgb,2,188,gov_expenditure_gdp,0.9209365844726562,-0.3909134864807129
xgb,2,188,inflation_cpi,0.14656426012516022,-0.0003613271692302078
xgb,2,188,unemployment_rate,0.19544625282287598,-0.08073121309280396
xgb,2,188,cluster_kmeans_k3,0.3872726857662201,0.3872726857662201
