model,iso3,year,split,y_true,y_pred,residual,cluster_kmeans_k3
xgb,AGO,2000,train,51.9,51.8276,0.07240142822265483,0.0
xgb,AGO,2008,train,42.7,42.660156,0.03984375000000284,0.0
xgb,ALB,1996,train,27.0,27.119492,-0.1194915771484375,1.0
xgb,ALB,2002,train,31.7,31.740435,-0.04043464660644602,1.0
xgb,ALB,2005,train,30.6,30.452179,0.14782104492187642,1.0
xgb,ALB,2008,train,30.0,30.172068,-0.17206764221191406,1.0
xgb,ALB,2012,train,29.0,29.452332,-0.45233154296875,1.0
xgb,ALB,2014,train,34.6,34.20788,0.39212188720703267,1.0
xgb,ALB,2015,train,32.8,33.276417,-0.47641677856445597,1.0
xgb,ALB,2016,train,33.7,33.299362,0.40063781738281534,1.0
xgb,ALB,2017,train,33.1,32.554012,0.545987701416017,1.0
xgb,ALB,2018,train,30.1,30.410368,-0.31036796569824077,1.0
xgb,ARE,2018,train,26.4,26.553875,-0.1538749694824233,2.0
xgb,ARG,1991,train,46.8,46.703373,0.09662704467773153,2.0
xgb,ARG,1994,train,45.9,46.050587,-0.15058670043945455,2.0
xgb,ARG,1996,train,49.5,49.582886,-0.0828857421875,2.0
xgb,ARG,1997,train,49.1,49.204136,-0.1041358947753892,2.0
xgb,ARG,1998,train,50.7,50.25442,0.44557876586914347,2.0
xgb,ARG,1999,train,49.8,50.027184,-0.2271835327148466,2.0
xgb,ARG,2000,train,51.0,50.85862,0.14138031005859375,2.0
xgb,ARG,2001,train,53.3,53.220585,0.07941513061523153,2.0
xgb,ARG,2002,train,53.8,53.694195,0.10580520629882528,2.0
xgb,ARG,2003,train,51.0,50.88929,0.11071014404296875,2.0
xgb,ARG,2004,train,48.5,48.432003,0.06799697875976562,2.0
xgb,ARG,2005,train,47.8,47.931614,-0.13161392211914347,2.0
xgb,ARG,2006,train,46.4,46.75194,-0.35194168090820455,2.0
xgb,ARG,2007,train,46.3,46.201466,0.09853439331054403,2.0
xgb,ARG,2008,train,45.0,45.224876,-0.22487640380859375,2.0
xgb,ARG,2009,train,43.8,43.93846,-0.13846130371094034,2.0
xgb,ARG,2010,train,43.7,43.58868,0.11131973266601847,2.0
xgb,ARG,2011,train,42.7,42.265125,0.4348747253417997,2.0
xgb,ARG,2012,train,41.4,41.57824,-0.17823944091797017,2.0
xgb,ARG,2013,train,41.1,41.10008,-7.858276367045391e-05,2.0
xgb,ARG,2014,train,41.8,42.087673,-0.2876731872558622,2.0
xgb,ARG,2016,train,42.3,42.115845,0.18415527343749716,2.0
xgb,ARG,2017,train,41.4,41.51336,-0.11335906982422017,2.0
xgb,ARG,2018,train,41.7,41.60938,0.09062118530273722,2.0
xgb,ARM,1996,train,44.4,44.102936,0.2970642089843736,1.0
xgb,ARM,1999,train,36.2,36.53673,-0.3367317199707003,1.0
xgb,ARM,2001,train,35.4,35.594368,-0.19436798095703267,1.0
xgb,ARM,2004,train,37.5,37.278675,0.22132492065429688,1.0
xgb,ARM,2005,train,36.0,35.498405,0.5015945434570312,1.0
xgb,ARM,2006,train,29.7,30.295666,-0.5956657409667976,1.0
xgb,ARM,2007,train,31.2,31.019049,0.18095130920410085,1.0
xgb,ARM,2008,train,29.2,29.354994,-0.1549938201904304,1.0
xgb,ARM,2009,train,28.0,28.041416,-0.041416168212890625,1.0
xgb,ARM,2010,train,30.0,29.775856,0.22414398193359375,1.0
xgb,ARM,2011,train,29.4,29.559002,-0.1590019226074233,1.0
xgb,ARM,2013,train,30.6,30.88192,-0.28191986083984233,1.0
xgb,ARM,2014,train,31.5,31.281403,0.218597412109375,1.0
xgb,ARM,2015,train,32.4,32.254448,0.14555206298827983,1.0
xgb,ARM,2018,train,34.4,34.35204,0.047960662841795454,1.0
xgb,AUS,2016,train,33.7,33.905125,-0.20512466430663778,2.0
xgb,AUS,2018,train,34.3,34.112564,0.18743591308593466,2.0
xgb,AUT,2003,train,29.5,29.63322,-0.13322067260742188,2.0
xgb,AUT,2004,train,29.8,29.563858,0.2361419677734382,2.0
xgb,AUT,2005,train,28.7,29.182497,-0.4824970245361335,2.0
xgb,AUT,2006,train,29.6,29.829039,-0.22903861999511577,2.0
xgb,AUT,2007,train,30.6,30.331882,0.2681175231933608,2.0
xgb,AUT,2008,train,30.4,30.354969,0.045030975341795454,2.0
xgb,AUT,2009,train,31.5,31.070717,0.42928314208984375,2.0
xgb,AUT,2010,train,30.3,30.286783,0.013216781616211648,2.0
xgb,AUT,2011,train,30.8,30.821863,-0.021863174438475852,2.0
xgb,AUT,2012,train,30.5,30.646807,-0.1468067169189453,2.0
xgb,AUT,2013,train,30.8,30.802664,-0.002663803100585227,2.0
xgb,AUT,2014,train,30.5,30.552317,-0.05231666564941406,2.0
xgb,AUT,2015,train,30.5,30.6528,-0.1527996063232422,2.0
xgb,AUT,2016,train,30.8,30.340586,0.45941429138183665,2.0
xgb,AUT,2017,train,29.7,29.952995,-0.25299530029296946,2.0
xgb,AUT,2018,train,30.8,30.566526,0.23347358703613352,2.0
xgb,BDI,1992,train,33.3,33.315254,-0.015254211425784092,0.0
xgb,BDI,2006,train,33.4,33.584164,-0.1841636657714858,0.0
xgb,BDI,2013,train,38.6,38.517307,0.0826927185058608,0.0
xgb,BEL,2003,train,28.1,28.746866,-0.6468662261962876,2.0
xgb,BEL,2004,train,30.5,30.117579,0.38242149353027344,2.0
xgb,BEL,2005,train,29.3,29.119629,0.1803710937500007,2.0
xgb,BEL,2006,train,28.1,28.60416,-0.5041603088378892,2.0
xgb,BEL,2007,train,29.2,29.121052,0.07894821166992116,2.0
xgb,BEL,2008,train,28.4,28.408607,-0.008607482910157671,2.0
xgb,BEL,2009,train,28.6,28.38688,0.21311912536621236,2.0
xgb,BEL,2010,train,28.4,28.214764,0.1852363586425767,2.0
xgb,BEL,2011,train,28.1,28.184319,-0.08431854248046733,2.0
xgb,BEL,2012,train,27.5,27.482527,0.017473220825195312,2.0
xgb,BEL,2013,train,27.7,27.73705,-0.037049102783203836,2.0
xgb,BEL,2014,train,28.1,27.886993,0.21300659179687642,2.0
xgb,BEL,2015,train,27.7,27.782001,-0.08200149536132884,2.0
xgb,BEL,2016,train,27.6,27.56518,0.03482017517089986,2.0
xgb,BEL,2017,train,27.4,27.576889,-0.17688903808593892,2.0
xgb,BEL,2018,train,27.2,27.336441,-0.1364410400390632,2.0
xgb,BEN,2003,train,38.6,38.594547,0.005452728271485796,0.0
xgb,BEN,2011,train,43.4,43.477364,-0.07736358642578267,0.0
xgb,BEN,2015,train,47.6,47.068474,0.5315261840820327,0.0
xgb,BFA,2009,train,39.8,39.68939,0.11061172485351278,0.0
xgb,BFA,2014,train,35.3,35.45595,-0.15595169067383097,0.0
xgb,BFA,2018,train,43.0,42.64924,0.35076141357421875,0.0
xgb,BGD,2000,train,33.4,33.11676,0.2832397460937486,0.0
xgb,BGD,2005,train,33.2,33.01109,0.18891067504883097,0.0
xgb,BGD,2010,train,32.1,31.997019,0.10298118591308736,0.0
xgb,BGD,2016,train,32.4,32.737396,-0.3373962402343764,0.0
xgb,BGR,2001,train,32.7,32.684113,0.015887451171877842,
xgb,BGR,2003,train,28.9,29.191868,-0.29186782836914205,
xgb,BGR,2006,train,35.7,35.346985,0.35301513671875284,
xgb,BGR,2007,train,36.1,35.212337,0.887662506103517,
xgb,BGR,2008,train,33.6,33.808235,-0.20823516845702983,
xgb,BGR,2009,train,33.8,35.020195,-1.2201950073242216,
xgb,BGR,2010,train,35.7,35.71156,-0.011559295654294033,
xgb,BGR,2011,train,34.3,34.73357,-0.43357009887695597,
xgb,BGR,2012,train,36.0,35.690075,0.3099250793457031,
xgb,BGR,2013,train,36.6,36.647335,-0.047335052490232954,
xgb,BGR,2014,train,37.4,37.423122,-0.023122406005860796,
xgb,BGR,2015,train,38.6,38.993988,-0.3939880371093736,
xgb,BGR,2016,train,40.6,40.182335,0.41766510009765767,
xgb,BGR,2017,train,40.4,40.440807,-0.040807342529298296,
xgb,BGR,2018,train,41.3,40.552433,0.7475669860839815,
xgb,BIH,2007,train,34.3,34.310886,-0.010886383056643467,1.0
xgb,BIH,2011,train,33.3,33.76055,-0.4605514526367216,1.0
xgb,BIH,2015,train,32.9,33.144424,-0.24442443847656392,1.0
xgb,BLR,1995,train,28.7,28.737787,-0.03778724670410227,1.0
xgb,BLR,1998,train,32.0,31.918955,0.08104515075683594,1.0
xgb,BLR,2008,train,27.8,27.84167,-0.04166908264160085,1.0
xgb,BLR,2009,train,27.7,27.70797,-0.00796966552734446,1.0
xgb,BLR,2010,train,28.6,28.377289,0.22271118164062642,1.0
xgb,BLR,2011,train,27.2,27.162565,0.0374347686767571,1.0
xgb,BLR,2012,train,26.5,26.539537,-0.03953742980957031,1.0
xgb,BLR,2013,train,26.6,26.751326,-0.15132560729980327,1.0
xgb,BLR,2014,train,27.2,26.926052,0.2739479064941399,1.0
xgb,BLR,2015,train,25.6,25.584995,0.015004730224610796,1.0
xgb,BLR,2016,train,25.3,25.68453,-0.3845302581787102,1.0
xgb,BLR,2017,train,25.4,25.312412,0.08758773803710795,1.0
xgb,BLR,2018,train,25.2,25.705578,-0.5055778503417976,1.0
xgb,BLZ,1994,train,60.9,60.178978,0.7210220336914048,1.0
xgb,BLZ,1995,train,57.5,57.663536,-0.16353607177734375,1.0
xgb,BLZ,1999,train,53.2,53.339725,-0.13972549438476278,1.0
xgb,BLZ,2018,train,39.9,39.767857,0.13214340209960795,1.0
xgb,BOL,1999,train,58.0,58.087425,-0.08742523193359375,1.0
xgb,BOL,2000,train,61.6,60.85262,0.7473808288574233,1.0
xgb,BOL,2001,train,57.4,57.793156,-0.39315567016601705,1.0
xgb,BOL,2002,train,59.3,59.012615,0.2873847961425753,1.0
xgb,BOL,2004,train,55.0,55.22307,-0.2230682373046875,1.0
xgb,BOL,2005,train,58.5,57.535496,0.9645042419433594,1.0
xgb,BOL,2006,train,56.7,56.63283,0.06716842651367472,1.0
xgb,BOL,2007,train,54.5,54.538387,-0.038387298583984375,1.0
xgb,BOL,2008,train,50.8,50.765087,0.03491287231445028,1.0
xgb,BOL,2009,train,49.2,49.64452,-0.4445198059082003,1.0
xgb,BOL,2011,train,46.1,46.596966,-0.49696578979492045,1.0
xgb,BOL,2012,train,46.6,46.43667,0.16333160400390767,1.0
xgb,BOL,2013,train,47.6,47.47643,0.1235710144042983,1.0
xgb,BOL,2014,train,47.8,47.767723,0.03227691650390341,1.0
xgb,BOL,2015,train,46.7,45.935955,0.764044952392581,1.0
xgb,BOL,2016,train,45.2,44.857582,0.3424179077148466,1.0
xgb,BOL,2017,train,44.6,44.89541,-0.29540863037109233,1.0
xgb,BOL,2018,train,42.6,42.396313,0.20368728637695455,1.0
xgb,BRA,2012,train,53.4,53.264812,0.1351875305175767,2.0
xgb,BRA,2013,train,52.7,52.429688,0.27031250000000284,2.0
xgb,BRA,2014,train,52.1,52.43201,-0.3320106506347642,2.0
xgb,BRA,2015,train,51.9,52.267124,-0.36712417602539205,2.0
xgb,BRA,2016,train,53.4,53.260162,0.13983764648437358,2.0
xgb,BRA,2017,train,53.3,53.226162,0.07383804321288778,2.0
xgb,BRA,2018,train,53.9,53.62347,0.2765296936035142,2.0
xgb,BRB,2016,train,34.1,34.168865,-0.06886520385742045,2.0
xgb,BTN,2012,train,38.8,38.92249,-0.12248916625976847,0.0
xgb,BTN,2017,train,37.4,37.07849,0.3215087890624986,0.0
xgb,BWA,1993,train,60.1,60.104607,-0.004606628417967329,
xgb,BWA,2002,train,61.5,61.39372,0.10628128051757812,
xgb,CAF,1992,train,59.7,59.590294,0.10970611572265909,0.0
xgb,CAN,2000,train,33.4,32.12318,1.2768196105957017,2.0
xgb,CAN,2005,train,33.6,33.311543,0.2884574890136733,2.0
xgb,CAN,2006,train,34.1,34.103867,-0.003866577148436079,2.0
xgb,CAN,2007,train,33.8,34.10879,-0.3087913513183622,2.0
xgb,CAN,2008,train,33.9,33.553406,0.3465942382812486,2.0
xgb,CAN,2009,train,34.0,33.913452,0.0865478515625,2.0
xgb,CAN,2010,train,33.6,33.524494,0.0755058288574233,2.0
xgb,CAN,2011,train,32.7,32.83097,-0.1309707641601534,2.0
xgb,CAN,2012,train,33.5,33.385056,0.1149444580078125,2.0
xgb,CAN,2013,train,33.8,33.52,0.2799995422363253,2.0
xgb,CAN,2014,train,33.2,33.1369,0.06309814453125284,2.0
xgb,CAN,2015,train,33.7,33.521072,0.17892761230469034,2.0
xgb,CAN,2016,train,32.7,33.15799,-0.45798950195312216,2.0
xgb,CAN,2017,train,33.3,33.131706,0.1682937622070284,2.0
xgb,CAN,2018,train,32.5,32.778698,-0.2786979675292969,2.0
xgb,CHE,2000,train,33.4,33.196083,0.20391693115234233,2.0
xgb,CHE,2002,train,31.7,32.081608,-0.38160781860351634,2.0
xgb,CHE,2004,train,31.6,31.685541,-0.08554115295410014,2.0
xgb,CHE,2006,train,33.9,33.494602,0.40539779663085795,2.0
xgb,CHE,2007,train,34.3,34.301945,-0.0019447326660184672,2.0
xgb,CHE,2008,train,33.8,33.725624,0.07437591552734091,2.0
xgb,CHE,2009,train,32.9,32.77723,0.12277069091796733,2.0
xgb,CHE,2010,train,32.6,32.509117,0.09088287353515767,2.0
xgb,CHE,2011,train,31.7,31.970095,-0.2700946807861335,2.0
xgb,CHE,2012,train,31.6,31.88192,-0.28191986083984233,2.0
xgb,CHE,2013,train,32.5,32.42416,0.07583999633789062,2.0
xgb,CHE,2015,train,32.3,32.604683,-0.3046829223632841,2.0
xgb,CHE,2016,train,33.0,32.822174,0.177825927734375,2.0
xgb,CHE,2017,train,32.7,32.56726,0.13273925781250284,2.0
xgb,CHE,2018,train,33.1,33.107143,-0.007143402099607954,2.0
xgb,CHL,2000,train,52.8,51.6057,1.194298553466794,2.0
xgb,CHL,2003,train,51.5,51.33526,0.16474151611328125,2.0
xgb,CHL,2006,train,47.7,47.458805,0.24119491577148722,2.0
xgb,CHL,2009,train,47.4,47.781395,-0.38139495849609517,2.0
xgb,CHL,2011,train,46.9,46.92217,-0.022168731689454546,2.0
xgb,CHL,2013,train,46.8,46.521893,0.2781074523925753,2.0
xgb,CHL,2015,train,45.3,45.291946,0.008053588867184658,2.0
xgb,CHL,2017,train,45.3,44.967655,0.33234481811523153,2.0
xgb,CHN,1990,train,32.2,32.17137,0.028628540039065342,1.0
xgb,CHN,1993,train,33.9,33.875187,0.024813079833982954,1.0
xgb,CHN,1996,train,35.2,35.22509,-0.025090026855465908,1.0
xgb,CHN,1999,train,38.7,38.76415,-0.06414871215820028,1.0
xgb,CHN,2002,train,42.0,41.82976,0.17023849487304688,1.0
xgb,CHN,2008,train,43.0,43.244118,-0.24411773681640625,1.0
xgb,CHN,2010,train,43.7,43.051342,0.648657989501956,1.0
xgb,CHN,2011,train,42.4,42.7384,-0.3383995056152358,1.0
xgb,CHN,2012,train,42.2,42.19275,0.007250976562502842,1.0
xgb,CIV,2015,train,41.5,41.527313,-0.027313232421875,0.0
xgb,CIV,2018,train,37.2,37.805687,-0.6056869506835909,0.0
xgb,CMR,2001,train,42.1,41.968605,0.13139495849609517,0.0
xgb,CMR,2007,train,42.8,42.744705,0.05529479980468466,0.0
xgb,CMR,2014,train,46.6,46.385002,0.21499786376953267,0.0
xgb,COD,2012,train,42.1,41.81594,0.28405914306640767,0.0
xgb,COL,2000,train,58.4,58.27528,0.1247200012207017,1.0
xgb,COL,2002,train,56.0,56.0396,-0.039600372314453125,1.0
xgb,COL,2004,train,55.0,54.706207,0.293792724609375,1.0
xgb,COL,2005,train,53.9,53.521877,0.3781227111816392,1.0
xgb,COL,2008,train,55.0,54.703926,0.29607391357421875,1.0
xgb,COL,2009,train,54.1,54.044456,0.05554351806640767,1.0
xgb,COL,2010,train,54.4,54.425102,-0.02510223388672017,1.0
xgb,COL,2011,train,53.3,53.241005,0.05899505615234091,1.0
xgb,COL,2012,train,53.6,53.563118,0.03688201904297017,1.0
xgb,COL,2013,train,53.5,53.446346,0.053653717041015625,1.0
xgb,COL,2014,train,53.6,53.09137,0.5086303710937514,1.0
xgb,COL,2015,train,52.0,52.099674,-0.09967422485351562,1.0
xgb,COL,2016,train,51.7,51.757065,-0.05706481933593466,1.0
xgb,COL,2017,train,50.9,50.947857,-0.047856903076173296,1.0
xgb,COL,2018,train,51.6,51.4587,0.1413017272949233,1.0
xgb,COM,2004,train,55.9,55.187317,0.7126831054687486,
xgb,COM,2014,train,45.3,45.531555,-0.23155517578125284,
xgb,CPV,2001,train,52.5,52.177116,0.32288360595703125,1.0
xgb,CPV,2007,train,47.2,47.203457,-0.003456878662106533,1.0
xgb,CPV,2015,train,42.4,42.231297,0.16870346069335795,1.0
xgb,CRI,2002,train,51.8,51.84251,-0.04251022338867472,2.0
xgb,CRI,2004,train,48.4,48.585087,-0.18508682250976705,2.0
xgb,CRI,2005,train,47.5,47.64202,-0.14202117919921875,2.0
xgb,CRI,2006,train,49.3,48.874615,0.4253852844238253,2.0
xgb,CRI,2007,train,49.3,49.332348,-0.03234786987304972,2.0
xgb,CRI,2008,train,48.6,48.214066,0.3859344482421889,2.0
xgb,CRI,2009,train,50.6,49.73702,0.8629814147949233,2.0
xgb,CRI,2010,train,48.0,48.290737,-0.2907371520996094,2.0
xgb,CRI,2011,train,48.8,48.365463,0.43453674316405966,2.0
xgb,CRI,2012,train,48.4,48.4408,-0.040799713134767046,2.0
xgb,CRI,2013,train,49.2,48.55135,0.6486503601074247,2.0
xgb,CRI,2014,train,48.6,48.827747,-0.2277473449707017,2.0
xgb,CRI,2015,train,48.4,48.41735,-0.01735076904297017,2.0
xgb,CRI,2016,train,48.7,48.480625,0.21937484741211222,2.0
xgb,CRI,2017,train,48.3,48.210506,0.08949356079101278,2.0
xgb,CRI,2018,train,48.0,48.05006,-0.050060272216796875,2.0
xgb,CYP,2004,train,30.1,30.477835,-0.3778347015380845,2.0
xgb,CYP,2005,train,30.3,30.516644,-0.21664352416992116,2.0
xgb,CYP,2006,train,31.1,31.020842,0.07915840148925923,2.0
xgb,CYP,2007,train,31.1,30.93626,0.16373977661132955,2.0
xgb,CYP,2008,train,31.7,31.763884,-0.0638835906982429,2.0
xgb,CYP,2009,train,32.1,31.90369,0.1963096618652358,2.0
xgb,CYP,2010,train,31.5,31.783829,-0.2838287353515625,2.0
xgb,CYP,2011,train,32.6,32.508812,0.09118804931640767,2.0
xgb,CYP,2012,train,34.3,34.278812,0.021187591552731533,2.0
xgb,CYP,2013,train,37.0,36.813625,0.18637466430664062,2.0
xgb,CYP,2014,train,35.6,35.583675,0.016324615478517046,2.0
xgb,CYP,2015,train,34.0,34.147617,-0.14761734008789062,2.0
xgb,CYP,2016,train,32.9,32.95376,-0.05375823974609517,2.0
xgb,CYP,2017,train,31.4,31.585575,-0.18557510375976705,2.0
xgb,CYP,2018,train,32.7,32.547474,0.15252609252929972,2.0
xgb,CZE,2002,train,26.6,27.320753,-0.7207530975341783,2.0
xgb,CZE,2004,train,27.5,27.16905,0.3309497833251953,2.0
xgb,CZE,2005,train,26.9,26.892395,0.007604980468748579,2.0
xgb,CZE,2006,train,26.7,26.823936,-0.12393646240234446,2.0
xgb,CZE,2007,train,26.0,26.070723,-0.07072257995605469,2.0
xgb,CZE,2008,train,26.3,26.292547,0.007452774047852273,2.0
xgb,CZE,2009,train,26.2,26.302393,-0.10239295959472727,2.0
xgb,CZE,2010,train,26.6,26.436663,0.1633373260498061,2.0
xgb,CZE,2011,train,26.4,26.266079,0.1339210510253892,2.0
xgb,CZE,2012,train,26.1,26.022753,0.07724723815918111,2.0
xgb,CZE,2013,train,26.5,26.611988,-0.11198806762695312,2.0
xgb,CZE,2014,train,25.9,26.035025,-0.13502464294433736,2.0
xgb,CZE,2015,train,25.9,25.821877,0.07812347412109233,2.0
xgb,CZE,2016,train,25.4,25.353138,0.046862030029295454,2.0
xgb,CZE,2017,train,24.9,25.025013,-0.12501296997070455,2.0
xgb,CZE,2018,train,25.0,25.035316,-0.03531646728515625,2.0
xgb,DEU,2001,train,29.9,29.993082,-0.09308204650879048,2.0
xgb,DEU,2002,train,29.9,30.137234,-0.2372337341308608,2.0
xgb,DEU,2003,train,29.9,30.052319,-0.1523185729980483,2.0
xgb,DEU,2004,train,30.1,30.366457,-0.2664569854736314,2.0
xgb,DEU,2005,train,31.6,31.51401,0.08599052429199361,2.0
xgb,DEU,2006,train,31.0,30.958763,0.04123687744140625,2.0
xgb,DEU,2007,train,31.2,30.860123,0.3398773193359368,2.0
xgb,DEU,2008,train,30.6,30.922377,-0.32237663269042827,2.0
xgb,DEU,2009,train,30.4,30.56826,-0.16826019287109517,2.0
xgb,DEU,2010,train,30.2,30.36026,-0.1602600097656257,2.0
xgb,DEU,2011,train,30.4,30.571136,-0.17113647460937642,2.0
xgb,DEU,2012,train,30.9,30.706861,0.1931385040283189,2.0
xgb,DEU,2013,train,31.4,31.076271,0.32372894287109233,2.0
xgb,DEU,2014,train,30.8,30.913103,-0.1131031036376946,2.0
xgb,DEU,2015,train,31.4,31.251406,0.14859428405761577,2.0
xgb,DEU,2016,train,31.3,31.393703,-0.09370346069335866,2.0
xgb,DEU,2017,train,31.3,31.436897,-0.13689727783203054,2.0
xgb,DEU,2018,train,31.9,31.6988,0.20120086669921733,2.0
xgb,DNK,2003,train,25.6,25.551186,0.04881439208984517,2.0
xgb,DNK,2004,train,24.9,25.290306,-0.39030609130859517,2.0
xgb,DNK,2005,train,25.2,25.5037,-0.30370025634765696,2.0
xgb,DNK,2006,train,25.9,25.713156,0.18684425354003764,2.0
xgb,DNK,2007,train,26.2,25.846697,0.353303146362304,2.0
xgb,DNK,2008,train,25.2,25.666521,-0.466521072387696,2.0
xgb,DNK,2009,train,26.7,27.069632,-0.36963157653808665,2.0
xgb,DNK,2010,train,27.2,27.351889,-0.15188865661621165,2.0
xgb,DNK,2011,train,27.3,27.414188,-0.11418838500976491,2.0
xgb,DNK,2012,train,27.8,27.805958,-0.0059577941894524145,2.0
xgb,DNK,2013,train,28.5,28.291534,0.208465576171875,2.0
xgb,DNK,2014,train,28.4,28.316555,0.0834449768066392,2.0
xgb,DNK,2015,train,28.2,28.399837,-0.19983749389648509,2.0
xgb,DNK,2016,train,28.2,28.07315,0.1268493652343743,2.0
xgb,DNK,2017,train,28.7,28.424444,0.27555580139160085,2.0
xgb,DNK,2018,train,28.2,28.270208,-0.07020835876464915,2.0
xgb,DOM,2000,train,51.5,51.78242,-0.2824211120605469,1.0
xgb,DOM,2002,train,49.7,49.585682,0.11431808471679972,1.0
xgb,DOM,2004,train,52.1,52.156548,-0.05654754638671733,1.0
xgb,DOM,2005,train,50.0,49.63907,0.360931396484375,1.0
xgb,DOM,2007,train,48.9,48.842144,0.057855987548826704,1.0
xgb,DOM,2008,train,48.1,48.38565,-0.2856506347656236,1.0
xgb,DOM,2009,train,48.9,48.517967,0.38203277587890483,1.0
xgb,DOM,2010,train,47.3,47.572365,-0.2723648071289091,1.0
xgb,DOM,2011,train,47.7,47.608162,0.09183807373047159,1.0
xgb,DOM,2012,train,46.1,46.332455,-0.23245468139648295,1.0
xgb,DOM,2013,train,47.7,46.973053,0.7269470214843778,1.0
xgb,DOM,2014,train,44.3,44.38601,-0.08600921630859659,1.0
xgb,DOM,2015,train,45.2,45.688778,-0.48877792358398153,1.0
xgb,DOM,2016,train,45.7,45.194378,0.505622100830081,1.0
xgb,DOM,2017,train,42.2,42.90352,-0.7035186767578097,1.0
xgb,DOM,2018,train,43.7,43.741123,-0.04112319946288778,1.0
xgb,DZA,1995,train,35.3,35.319256,-0.019255828857424717,1.0
xgb,DZA,2011,train,27.6,28.766048,-1.166048431396483,1.0
xgb,ECU,2000,train,56.3,56.134216,0.16578369140624716,1.0
xgb,ECU,2003,train,53.5,53.27955,0.22045135498046875,1.0
xgb,ECU,2004,train,53.9,53.173233,0.7267669677734361,1.0
xgb,ECU,2005,train,53.1,53.34919,-0.24918975830077983,1.0
xgb,ECU,2006,train,52.3,52.386024,-0.08602447509765909,1.0
xgb,ECU,2007,train,53.4,53.262814,0.1371864318847642,1.0
xgb,ECU,2009,train,48.5,48.889263,-0.3892631530761719,1.0
xgb,ECU,2010,train,48.8,48.311386,0.48861389160155966,1.0
xgb,ECU,2011,train,45.9,46.138103,-0.2381034851074233,1.0
xgb,ECU,2012,train,46.1,45.980026,0.11997375488281392,1.0
xgb,ECU,2013,train,46.9,46.736027,0.16397323608398295,1.0
xgb,ECU,2014,train,45.0,45.237953,-0.23795318603515625,1.0
xgb,ECU,2015,train,46.0,45.949894,0.050106048583984375,1.0
xgb,ECU,2016,train,45.0,45.128014,-0.12801361083984375,1.0
xgb,ECU,2017,train,44.7,44.9964,-0.29639892578124716,1.0
xgb,ECU,2018,train,45.4,45.25035,0.14964904785156108,1.0
xgb,EGY,1990,train,32.0,32.06411,-0.06410980224609375,1.0
xgb,EGY,1995,train,30.1,30.49096,-0.39095916748046733,1.0
xgb,EGY,1999,train,30.8,30.834753,-0.03475303649902273,1.0
xgb,EGY,2004,train,31.8,31.776789,0.023211288452149148,1.0
xgb,EGY,2010,train,30.2,30.12221,0.07779045104980398,1.0
xgb,EGY,2012,train,28.3,29.29616,-0.9961597442626946,1.0
xgb,EGY,2017,train,31.5,31.452185,0.04781532287597656,1.0
xgb,ESP,2003,train,31.8,32.994186,-1.1941864013671868,2.0
xgb,ESP,2004,train,33.3,33.139374,0.16062622070312216,2.0
xgb,ESP,2005,train,32.4,32.59692,-0.1969200134277358,2.0
xgb,ESP,2006,train,33.5,33.322815,0.17718505859375,2.0
xgb,ESP,2007,train,34.1,34.010506,0.08949432373047017,2.0
xgb,ESP,2008,train,34.2,34.128696,0.07130355834961222,2.0
xgb,ESP,2009,train,34.9,34.816338,0.08366241455077983,2.0
xgb,ESP,2010,train,35.2,35.12829,0.07171173095703409,2.0
xgb,ESP,2011,train,35.7,35.653915,0.04608459472656534,2.0
xgb,ESP,2012,train,35.4,35.649197,-0.2491966247558608,2.0
xgb,ESP,2013,train,36.2,35.98145,0.21855087280273722,2.0
xgb,ESP,2014,train,36.1,36.053375,0.04662475585937642,2.0
xgb,ESP,2015,train,36.2,36.319958,-0.11995773315429403,2.0
xgb,ESP,2016,train,35.8,35.657417,0.1425827026367159,2.0
xgb,ESP,2017,train,34.7,34.76156,-0.06155853271484091,2.0
xgb,ESP,2018,train,34.7,34.60203,0.09796829223633097,2.0
xgb,EST,2001,train,36.0,36.07264,-0.07263946533203125,2.0
xgb,EST,2002,train,35.8,36.05892,-0.2589218139648466,2.0
xgb,EST,2003,train,37.2,36.292763,0.9072372436523466,2.0
xgb,EST,2004,train,33.6,33.863182,-0.26318206787109233,2.0
xgb,EST,2005,train,33.4,33.719852,-0.31985244750976705,2.0
xgb,EST,2006,train,33.7,33.442432,0.2575675964355497,2.0
xgb,EST,2007,train,31.2,31.339382,-0.13938217163086009,2.0
xgb,EST,2008,train,31.9,32.256157,-0.35615692138672017,2.0
xgb,EST,2009,train,31.4,31.654442,-0.25444183349609517,2.0
xgb,EST,2010,train,32.0,32.072243,-0.07224273681640625,2.0
xgb,EST,2011,train,32.5,32.34425,0.15575027465820312,2.0
xgb,EST,2012,train,32.9,32.87658,0.02342071533202983,2.0
xgb,EST,2013,train,35.1,34.53344,0.5665603637695327,2.0
xgb,EST,2014,train,34.6,34.511692,0.0883079528808608,2.0
xgb,EST,2015,train,32.7,33.079685,-0.3796852111816378,2.0
xgb,EST,2016,train,31.2,30.93679,0.26320953369140554,2.0
xgb,EST,2017,train,30.4,30.413244,-0.013244247436524859,2.0
xgb,EST,2018,train,30.3,30.464087,-0.16408653259277273,2.0
xgb,ETH,2004,train,29.8,29.831861,-0.03186149597167898,0.0
xgb,ETH,2010,train,33.2,33.269314,-0.06931381225585653,0.0
xgb,ETH,2015,train,35.0,35.019203,-0.01920318603515625,0.0
xgb,FIN,2003,train,27.7,28.037203,-0.3372028350830085,2.0
xgb,FIN,2004,train,27.9,27.856876,0.043123626708982954,2.0
xgb,FIN,2005,train,27.6,27.478786,0.12121353149414205,2.0
xgb,FIN,2006,train,28.0,28.064163,-0.0641632080078125,2.0
xgb,FIN,2007,train,28.3,28.253456,0.04654388427734446,2.0
xgb,FIN,2008,train,27.8,27.873367,-0.07336730957031179,2.0
xgb,FIN,2009,train,27.5,27.890749,-0.3907489776611328,2.0
xgb,FIN,2010,train,27.7,27.4548,0.24520034790038991,2.0
xgb,FIN,2011,train,27.6,27.390068,0.20993194580078267,2.0
xgb,FIN,2012,train,27.1,27.486721,-0.38672103881835795,2.0
xgb,FIN,2013,train,27.2,26.88869,0.31130905151367116,2.0
xgb,FIN,2014,train,26.8,26.870043,-0.0700428009033196,2.0
xgb,FIN,2015,train,27.1,27.239841,-0.1398414611816392,2.0
xgb,FIN,2016,train,27.1,27.10336,-0.003359222412107954,2.0
xgb,FIN,2017,train,27.4,27.424099,-0.024098968505860796,2.0
xgb,FIN,2018,train,27.3,27.18008,0.11991958618164134,2.0
xgb,FJI,2002,train,38.1,38.266598,-0.16659774780273295,1.0
xgb,FJI,2008,train,40.4,40.035595,0.3644050598144517,1.0
xgb,FRA,2001,train,32.5,32.431217,0.06878280639648438,2.0
xgb,FRA,2002,train,31.8,31.801416,-0.001416397094725852,2.0
xgb,FRA,2003,train,31.4,31.633705,-0.23370513916015767,2.0
xgb,FRA,2004,train,30.6,30.678024,-0.07802429199218608,2.0
xgb,FRA,2005,train,29.8,30.32752,-0.5275203704833977,2.0
xgb,FRA,2006,train,29.7,30.520185,-0.8201854705810554,2.0
xgb,FRA,2007,train,32.4,32.390163,0.009836578369139204,2.0
xgb,FRA,2008,train,33.0,32.98761,0.01239013671875,2.0
xgb,FRA,2009,train,32.7,32.848118,-0.14811782836913778,2.0
xgb,FRA,2010,train,33.7,33.551662,0.14833755493164347,2.0
xgb,FRA,2011,train,33.3,33.192787,0.10721282958984091,2.0
xgb,FRA,2012,train,33.1,33.019604,0.08039627075195455,2.0
xgb,FRA,2013,train,32.5,32.26065,0.239349365234375,2.0
xgb,FRA,2014,train,32.3,32.346375,-0.04637451171875284,2.0
xgb,FRA,2015,train,32.7,32.60804,0.09196014404297159,2.0
xgb,FRA,2016,train,31.9,31.934406,-0.034406280517579546,2.0
xgb,FRA,2017,train,31.6,31.808018,-0.2080177307128892,2.0
xgb,FRA,2018,train,32.4,31.999395,0.40060462951660014,2.0
xgb,FSM,2005,train,42.4,42.40746,-0.007459259033204546,
xgb,GBR,2000,train,38.9,38.026993,0.8730072021484361,2.0
xgb,GBR,2001,train,37.1,37.066692,0.033307647705079546,2.0
xgb,GBR,2002,train,35.1,35.216022,-0.1160224914550767,2.0
xgb,GBR,2003,train,34.9,34.930702,-0.03070220947265767,2.0
xgb,GBR,2004,train,34.8,34.958622,-0.15862197875976847,2.0
xgb,GBR,2005,train,35.5,35.158222,0.3417778015136719,2.0
xgb,GBR,2006,train,35.9,35.74878,0.15122070312499858,2.0
xgb,GBR,2007,train,34.4,34.70043,-0.30043182373047017,2.0
xgb,GBR,2008,train,35.4,35.260788,0.13921203613281108,2.0
xgb,GBR,2009,train,35.1,34.501644,0.598355865478517,2.0
xgb,GBR,2010,train,33.7,33.411766,0.2882339477539091,2.0
xgb,GBR,2011,train,33.2,33.33484,-0.13483886718749716,2.0
xgb,GBR,2012,train,33.1,33.64409,-0.5440887451171861,2.0
xgb,GBR,2013,train,32.7,32.743534,-0.04353408813476278,2.0
xgb,GBR,2014,train,33.1,33.056347,0.043653106689454546,2.0
xgb,GBR,2015,train,33.3,33.312828,-0.012828063964846592,2.0
xgb,GBR,2017,train,32.6,32.81311,-0.21311035156249858,2.0
xgb,GBR,2018,train,33.7,33.382305,0.31769485473633097,2.0
xgb,GEO,2000,train,40.5,40.487835,0.012165069580078125,2.0
xgb,GEO,2001,train,39.6,39.58922,0.010781860351563921,2.0
xgb,GEO,2002,train,37.2,37.13388,0.06611938476562784,2.0
xgb,GEO,2003,train,36.6,36.657043,-0.05704345703124858,2.0
xgb,GEO,2004,train,36.2,36.287346,-0.08734588623046591,2.0
xgb,GEO,2005,train,37.4,37.31812,0.08188095092773295,2.0
xgb,GEO,2006,train,36.9,36.54857,0.3514312744140611,2.0
xgb,GEO,2007,train,38.1,38.041935,0.058065032958985796,2.0
xgb,GEO,2008,train,38.5,38.60397,-0.10396957397460938,2.0
xgb,GEO,2009,train,38.2,37.965317,0.23468322753906534,2.0
xgb,GEO,2013,train,38.6,38.558228,0.04177246093750142,2.0
xgb,GEO,2014,train,37.6,37.559303,0.04069671630859517,2.0
xgb,GEO,2015,train,36.5,36.660408,-0.16040802001953125,2.0
xgb,GEO,2016,train,36.6,36.88111,-0.28111114501952983,2.0
xgb,GEO,2017,train,37.9,37.477993,0.4220069885253892,2.0
xgb,GEO,2018,train,36.4,36.517666,-0.1176658630371108,2.0
xgb,GHA,2005,train,42.8,42.332504,0.46749572753905966,0.0
xgb,GHA,2012,train,42.4,42.5419,-0.14190063476562642,0.0
xgb,GHA,2016,train,43.5,43.114136,0.3858642578125,0.0
xgb,GIN,1991,train,45.6,45.829536,-0.22953643798827983,0.0
xgb,GIN,1994,train,46.1,46.01092,0.08907852172851705,0.0
xgb,GIN,2002,train,43.0,42.951977,0.048023223876953125,0.0
xgb,GIN,2012,train,33.7,34.13085,-0.4308517456054659,0.0
xgb,GMB,2010,train,43.6,43.55254,0.047460174560548296,0.0
xgb,GRC,2000,train,34.4,34.648018,-0.24801788330078267,2.0
xgb,GRC,2002,train,35.5,35.298645,0.20135498046875,2.0
xgb,GRC,2003,train,32.8,33.590847,-0.7908470153808622,2.0
xgb,GRC,2004,train,33.6,33.48279,0.1172080993652358,2.0
xgb,GRC,2005,train,34.6,34.488968,0.11103210449218892,2.0
xgb,GRC,2006,train,35.1,34.66249,0.4375091552734389,2.0
xgb,GRC,2007,train,34.0,34.33785,-0.3378486633300781,2.0
xgb,GRC,2010,train,34.1,34.04692,0.05307922363281392,2.0
xgb,GRC,2011,train,34.8,34.77368,0.026318359374997158,2.0
xgb,GRC,2012,train,36.3,36.04328,0.2567184448242159,2.0
xgb,GRC,2013,train,36.1,36.170807,-0.07080688476562358,2.0
xgb,GRC,2014,train,35.8,35.609966,0.19003372192382528,2.0
xgb,GRC,2015,train,36.0,35.802402,0.19759750366210938,2.0
xgb,GRC,2016,train,35.0,35.118374,-0.11837387084960938,2.0
xgb,GRC,2017,train,34.4,34.44814,-0.048139190673829546,2.0
xgb,GRC,2018,train,32.9,33.482513,-0.5825134277343764,2.0
xgb,GRD,2018,train,43.8,43.73558,0.06441955566405966,1.0
xgb,GTM,1998,train,49.4,49.659973,-0.2599731445312514,1.0
xgb,GTM,2000,train,54.2,53.7511,0.44890136718750284,1.0
xgb,GTM,2006,train,54.5,54.538776,-0.038776397705078125,1.0
xgb,GTM,2014,train,48.3,48.200695,0.09930496215820028,1.0
xgb,HND,1991,train,51.8,51.812325,-0.012324523925784092,1.0
xgb,HND,1993,train,53.4,53.13659,0.26341094970702983,1.0
xgb,HND,2006,train,57.5,57.250263,0.24973678588867188,1.0
xgb,HND,2007,train,55.8,55.9718,-0.17180175781250284,1.0
xgb,HND,2008,train,55.5,55.330124,0.1698760986328125,1.0
xgb,HND,2010,train,53.1,52.762363,0.3376365661621108,1.0
xgb,HND,2011,train,52.6,52.345463,0.2545372009277358,1.0
xgb,HND,2012,train,53.4,53.41081,-0.010808563232423296,1.0
xgb,HND,2013,train,50.0,50.06239,-0.062389373779296875,1.0
xgb,HND,2014,train,49.9,49.90452,-0.004518127441407671,1.0
xgb,HND,2015,train,49.2,49.274437,-0.07443695068359091,1.0
xgb,HND,2016,train,49.8,49.54245,0.25755004882812216,1.0
xgb,HND,2017,train,49.4,49.68878,-0.2887817382812514,1.0
xgb,HRV,2001,train,31.1,31.37454,-0.27454032897949077,2.0
xgb,HRV,2008,train,33.7,33.39669,0.3033096313476591,2.0
xgb,HRV,2009,train,32.6,33.110085,-0.5100845336914048,2.0
xgb,HRV,2010,train,32.4,32.48788,-0.0878807067871108,2.0
xgb,HRV,2011,train,32.3,32.391888,-0.09188766479492472,2.0
xgb,HRV,2012,train,32.5,32.199707,0.30029296875,2.0
xgb,HRV,2013,train,32.0,32.01639,-0.016391754150390625,2.0
xgb,HRV,2014,train,32.1,31.583902,0.5160976409912124,2.0
xgb,HRV,2015,train,31.1,31.137465,-0.037464523315428266,2.0
xgb,HRV,2016,train,30.9,30.890108,0.009891891479490766,2.0
xgb,HRV,2017,train,30.4,30.507898,-0.10789833068847798,2.0
xgb,HRV,2018,train,29.7,29.767256,-0.0672557830810554,2.0
xgb,HUN,2001,train,26.9,27.253464,-0.3534637451171889,2.0
xgb,HUN,2002,train,26.8,27.677187,-0.8771869659423821,2.0
xgb,HUN,2003,train,30.9,30.785437,0.11456336975097514,2.0
xgb,HUN,2004,train,29.9,30.108263,-0.20826301574707173,2.0
xgb,HUN,2005,train,34.7,33.561794,1.1382057189941435,2.0
xgb,HUN,2006,train,28.3,28.432482,-0.1324817657470696,2.0
xgb,HUN,2007,train,27.9,27.962559,-0.06255874633789205,2.0
xgb,HUN,2008,train,27.5,27.462889,0.03711128234863281,2.0
xgb,HUN,2009,train,27.0,27.343857,-0.3438568115234375,2.0
xgb,HUN,2010,train,29.4,28.905947,0.49405326843261577,2.0
xgb,HUN,2011,train,29.2,29.727028,-0.527027893066407,2.0
xgb,HUN,2012,train,30.8,30.5861,0.21390037536621165,2.0
xgb,HUN,2013,train,31.5,31.36123,0.13876914978027344,2.0
xgb,HUN,2014,train,30.9,30.812548,0.08745231628417827,2.0
xgb,HUN,2015,train,30.4,30.230263,0.16973724365234233,2.0
xgb,HUN,2016,train,30.3,30.330334,-0.030333709716796164,2.0
xgb,HUN,2017,train,30.6,30.349833,0.25016746520996236,2.0
xgb,IDN,1990,train,31.1,31.05121,0.04878959655761861,1.0
xgb,IDN,1993,train,31.8,32.19829,-0.3982917785644524,1.0
xgb,IDN,1996,train,34.2,33.657646,0.5423538208007841,1.0
xgb,IDN,1998,train,30.9,31.09476,-0.19476089477539205,1.0
xgb,IDN,1999,train,30.8,30.738165,0.06183509826660227,1.0
xgb,IDN,2000,train,30.3,30.366037,-0.06603736877441335,1.0
xgb,IDN,2001,train,31.2,31.169964,0.030036163330077414,1.0
xgb,IDN,2002,train,30.2,30.296253,-0.09625320434570384,1.0
xgb,IDN,2003,train,29.3,29.469732,-0.16973228454589773,1.0
xgb,IDN,2004,train,30.4,30.369484,0.03051605224609233,1.0
xgb,IDN,2005,train,29.9,30.595125,-0.6951251983642592,1.0
xgb,IDN,2006,train,31.5,31.390547,0.10945320129394531,1.0
xgb,IDN,2007,train,33.2,33.32299,-0.12299041748046591,1.0
xgb,IDN,2008,train,32.6,32.3666,0.23339996337890767,1.0
xgb,IDN,2009,train,33.4,33.122456,0.27754440307617045,1.0
xgb,IDN,2010,train,34.6,34.731365,-0.13136520385742045,1.0
xgb,IDN,2011,train,37.9,37.709023,0.19097747802734233,1.0
xgb,IDN,2012,train,37.1,37.49347,-0.3934692382812486,1.0
xgb,IDN,2013,train,38.9,38.59365,0.30634918212890483,1.0
xgb,IDN,2014,train,38.8,39.040604,-0.24060363769531534,1.0
xgb,IDN,2015,train,38.2,37.937557,0.26244277954101847,1.0
xgb,IDN,2016,train,36.9,36.95415,-0.054151153564454546,1.0
xgb,IDN,2017,train,36.4,36.79556,-0.3955589294433608,1.0
xgb,IDN,2018,train,36.3,36.085594,0.2144058227539034,1.0
xgb,IND,1993,train,26.1,26.645185,-0.5451854705810533,0.0
xgb,IND,2004,train,27.7,27.547035,0.15296478271484304,0.0
xgb,IND,2009,train,27.8,27.837584,-0.03758354187011648,0.0
xgb,IND,2011,train,28.8,28.316124,0.48387603759765696,0.0
xgb,IRL,2002,train,32.3,32.376854,-0.07685394287109659,2.0
xgb,IRL,2003,train,32.9,33.070206,-0.17020568847656392,2.0
xgb,IRL,2004,train,33.6,33.511406,0.08859405517578267,2.0
xgb,IRL,2005,train,33.8,33.45536,0.3446395874023409,2.0
xgb,IRL,2006,train,32.7,32.639538,0.06046218872070597,2.0
xgb,IRL,2007,train,31.9,32.008595,-0.10859451293945455,2.0
xgb,IRL,2008,train,30.9,31.115849,-0.21584854125976705,2.0
xgb,IRL,2009,train,32.7,32.544495,0.15550537109375284,2.0
xgb,IRL,2010,train,32.3,32.32874,-0.028739166259768467,2.0
xgb,IRL,2011,train,32.9,32.803146,0.09685363769531108,2.0
xgb,IRL,2012,train,33.2,33.091,0.10900039672851847,2.0
xgb,IRL,2014,train,31.9,32.286488,-0.38648757934570455,2.0
xgb,IRL,2015,train,31.8,31.904863,-0.1048633575439446,2.0
xgb,IRL,2016,train,32.8,32.556183,0.24381713867187216,2.0
xgb,IRL,2017,train,31.4,31.353859,0.04614105224609233,2.0
xgb,IRL,2018,train,30.6,30.720009,-0.12000885009765483,2.0
xgb,IRN,1990,train,43.6,43.66063,-0.06062927246093608,1.0
xgb,IRN,1994,train,43.0,42.956112,0.043888092041015625,1.0
xgb,IRN,2005,train,43.6,43.520016,0.07998428344726705,1.0
xgb,IRN,2006,train,44.8,43.7577,1.0422981262207003,1.0
xgb,IRN,2009,train,42.1,41.908478,0.19152221679687642,1.0
xgb,IRN,2011,train,34.7,34.84233,-0.14233093261718466,1.0
xgb,IRN,2012,train,34.4,34.49035,-0.09034881591797017,1.0
xgb,IRN,2013,train,34.0,33.82475,0.17525100708007812,1.0
xgb,IRN,2014,train,34.8,34.888527,-0.08852691650390909,1.0
xgb,IRN,2015,train,35.3,35.378124,-0.07812423706054972,1.0
xgb,IRN,2016,train,35.9,35.932175,-0.03217468261718892,1.0
xgb,IRN,2017,train,36.7,36.678967,0.021033477783205967,1.0
xgb,ISL,2003,train,26.8,26.88385,-0.08385009765624929,2.0
xgb,ISL,2004,train,28.0,28.21092,-0.2109203338623047,2.0
xgb,ISL,2005,train,29.0,28.948326,0.05167388916015625,2.0
xgb,ISL,2006,train,30.2,30.229534,-0.029534149169922586,2.0
xgb,ISL,2007,train,29.5,29.64499,-0.1449909210205078,2.0
xgb,ISL,2008,train,31.8,31.424156,0.37584381103515696,2.0
xgb,ISL,2009,train,28.7,28.79006,-0.09006004333496165,2.0
xgb,ISL,2010,train,26.2,26.50699,-0.3069904327392585,2.0
xgb,ISL,2011,train,26.8,26.823856,-0.023856353759764914,2.0
xgb,ISL,2012,train,26.8,26.293806,0.506193923950196,2.0
xgb,ISL,2013,train,25.4,25.739647,-0.33964691162109517,2.0
xgb,ISL,2014,train,27.8,27.566526,0.23347358703613352,2.0
xgb,ISL,2015,train,26.8,26.79399,0.006010818481446023,2.0
xgb,ISL,2016,train,27.2,27.153765,0.04623527526855398,2.0
xgb,ISL,2017,train,26.1,26.313318,-0.21331825256347514,2.0
xgb,ISL,2018,train,26.6,26.544836,0.055163955688477984,2.0
xgb,ISR,2001,train,38.9,38.9939,-0.09390029907226705,2.0
xgb,ISR,2002,train,39.6,39.56841,0.031591033935548296,2.0
xgb,ISR,2003,train,40.7,40.73489,-0.03488998413085653,2.0
xgb,ISR,2004,train,41.5,41.38565,0.114349365234375,2.0
xgb,ISR,2005,train,42.3,41.94078,0.35921936035155966,2.0
xgb,ISR,2006,train,41.6,41.870354,-0.27035369873046733,2.0
xgb,ISR,2007,train,41.1,40.85761,0.2423912048339858,2.0
xgb,ISR,2008,train,41.6,41.5686,0.031400299072267046,2.0
xgb,ISR,2009,train,42.6,42.948563,-0.3485626220703111,2.0
xgb,ISR,2010,train,42.6,42.832573,-0.23257293701171733,2.0
xgb,ISR,2011,train,41.5,40.924053,0.5759468078613281,2.0
xgb,ISR,2012,train,41.3,40.5419,0.7580993652343722,2.0
xgb,ISR,2013,train,39.9,40.301277,-0.40127716064453267,2.0
xgb,ISR,2014,train,39.8,39.864048,-0.06404800415039347,2.0
xgb,ISR,2015,train,39.7,39.69122,0.008780670166018467,2.0
xgb,ISR,2016,train,39.0,38.82579,0.1742095947265625,2.0
xgb,ISR,2017,train,38.2,38.450768,-0.2507675170898409,2.0
xgb,ISR,2018,train,38.6,38.458977,0.14102325439453267,2.0
xgb,ITA,2002,train,34.7,34.639706,0.06029434204101847,2.0
xgb,ITA,2003,train,34.9,34.819176,0.08082427978515483,2.0
xgb,ITA,2004,train,34.3,34.30375,-0.003749084472659092,2.0
xgb,ITA,2005,train,33.8,33.927303,-0.12730331420898722,2.0
xgb,ITA,2006,train,33.7,33.689148,0.010852050781252842,2.0
xgb,ITA,2007,train,32.9,33.232372,-0.3323722839355483,2.0
xgb,ITA,2008,train,33.8,33.849056,-0.04905624389648722,2.0
xgb,ITA,2009,train,33.8,33.944885,-0.14488525390625284,2.0
xgb,ITA,2010,train,34.7,34.44865,0.25134963989258097,2.0
xgb,ITA,2011,train,35.1,34.661148,0.4388519287109389,2.0
xgb,ITA,2012,train,35.2,35.147346,0.05265350341797159,2.0
xgb,ITA,2013,train,34.9,35.025314,-0.12531433105468892,2.0
xgb,ITA,2014,train,34.7,34.75536,-0.05535964965820028,2.0
xgb,ITA,2015,train,35.4,35.265465,0.13453521728515483,2.0
xgb,ITA,2016,train,35.2,35.407257,-0.20725708007812216,2.0
xgb,ITA,2017,train,35.9,35.750874,0.14912643432617045,2.0
xgb,ITA,2018,train,35.2,35.229378,-0.029377746582028408,2.0
xgb,JAM,1993,train,35.7,36.407967,-0.7079666137695284,1.0
xgb,JAM,1999,train,44.1,44.174408,-0.07440795898437358,1.0
xgb,JAM,2002,train,48.3,48.193745,0.10625534057616903,1.0
xgb,JAM,2004,train,45.5,45.271164,0.2288360595703125,1.0
xgb,JAM,2018,train,35.3,35.46752,-0.1675216674804716,1.0
xgb,JOR,1992,train,43.1,43.087284,0.012715911865235796,2.0
xgb,JOR,2002,train,37.0,36.95183,0.048168182373046875,2.0
xgb,JOR,2006,train,33.9,33.925827,-0.02582702636718892,2.0
xgb,JOR,2008,train,32.6,32.54133,0.05867156982422017,2.0
xgb,JOR,2010,train,33.7,33.5679,0.13209838867187784,2.0
xgb,JPN,2013,train,31.5,31.560818,-0.060817718505859375,2.0
xgb,JPN,2014,train,31.3,31.549135,-0.2491352081298821,2.0
xgb,JPN,2015,train,30.7,30.863144,-0.1631439208984382,2.0
xgb,JPN,2016,train,31.8,31.49606,0.30394058227539134,2.0
xgb,JPN,2017,train,31.8,31.839546,-0.03954620361328054,2.0
xgb,JPN,2018,train,32.9,32.705845,0.19415512084960795,2.0
xgb,KAZ,1993,train,32.7,33.03336,-0.3333595275878878,2.0
xgb,KAZ,2006,train,30.2,30.030003,0.16999740600585866,2.0
xgb,KAZ,2010,train,28.0,28.451017,-0.4510173797607422,2.0
xgb,KAZ,2011,train,28.0,27.97928,0.020719528198242188,2.0
xgb,KAZ,2012,train,28.2,28.052082,0.14791793823242116,2.0
xgb,KAZ,2013,train,27.1,27.44474,-0.34474029541015483,2.0
xgb,KAZ,2014,train,27.0,26.941246,0.05875396728515625,2.0
xgb,KAZ,2015,train,26.8,27.01389,-0.21388931274413991,2.0
xgb,KAZ,2016,train,27.2,27.2787,-0.0786998748779304,2.0
xgb,KAZ,2017,train,27.5,27.296236,0.2037639617919922,2.0
xgb,KAZ,2018,train,27.8,28.30203,-0.5020305633544915,2.0
xgb,KEN,2005,train,46.4,46.21703,0.18297042846679545,0.0
xgb,KEN,2015,train,40.8,40.896397,-0.09639663696289347,0.0
xgb,KGZ,2000,train,31.0,30.81387,0.18613052368164062,1.0
xgb,KGZ,2001,train,30.2,30.410774,-0.21077423095703196,1.0
xgb,KGZ,2002,train,30.3,30.186386,0.11361389160156321,1.0
xgb,KGZ,2003,train,28.7,28.913342,-0.21334152221679759,1.0
xgb,KGZ,2004,train,34.8,34.411514,0.38848571777343466,1.0
xgb,KGZ,2005,train,32.6,32.880215,-0.28021469116210795,1.0
xgb,KGZ,2006,train,37.4,37.086742,0.3132575988769517,1.0
xgb,KGZ,2007,train,33.9,33.924408,-0.02440795898437642,1.0
xgb,KGZ,2009,train,29.9,30.44195,-0.541949844360353,1.0
xgb,KGZ,2010,train,30.1,29.868454,0.23154602050781392,1.0
xgb,KGZ,2011,train,27.8,28.275372,-0.47537155151367116,1.0
xgb,KGZ,2012,train,27.4,27.319658,0.08034172058105327,1.0
xgb,KGZ,2013,train,28.8,28.573519,0.2264812469482429,1.0
xgb,KGZ,2014,train,26.8,27.102123,-0.30212326049804616,1.0
xgb,KGZ,2015,train,29.0,28.700348,0.299652099609375,1.0
xgb,KGZ,2016,train,26.8,26.921875,-0.12187499999999929,1.0
xgb,KGZ,2017,train,27.3,27.138857,0.1611431121826179,1.0
xgb,KGZ,2018,train,27.7,27.85535,-0.15535049438476634,1.0
xgb,KIR,2006,train,37.0,37.14696,-0.14696121215820312,
xgb,KOR,2006,train,31.7,32.721592,-1.0215919494628913,2.0
xgb,KOR,2008,train,32.3,32.409138,-0.10913772583008097,2.0
xgb,KOR,2010,train,32.0,31.876266,0.1237335205078125,2.0
xgb,KOR,2012,train,31.6,31.272821,0.32717857360839986,2.0
xgb,KOR,2014,train,31.2,31.651833,-0.45183258056640696,2.0
xgb,KOR,2016,train,35.2,34.946213,0.25378723144531534,2.0
xgb,KOR,2017,train,34.9,34.56451,0.3354896545410142,2.0
xgb,KOR,2018,train,33.7,33.56818,0.13181991577148722,2.0
xgb,LAO,1992,train,34.3,34.423336,-0.12333602905273722,0.0
xgb,LAO,1997,train,34.9,34.95157,-0.05156860351562642,0.0
xgb,LAO,2002,train,32.6,32.790737,-0.19073715209960795,0.0
xgb,LAO,2007,train,35.4,35.47691,-0.0769096374511733,0.0
xgb,LAO,2012,train,36.0,35.850327,0.1496734619140625,0.0
xgb,LAO,2018,train,38.8,38.74439,0.05561141967773153,0.0
xgb,LBN,2011,train,31.8,33.236004,-1.4360038757324212,2.0
xgb,LBR,2014,train,33.2,33.115692,0.08430786132812784,0.0
xgb,LCA,2015,train,43.7,43.70749,-0.007489013671872158,1.0
xgb,LKA,1990,train,32.4,32.508656,-0.10865554809570455,1.0
xgb,LKA,1995,train,35.4,35.392227,0.007772827148436079,1.0
xgb,LKA,2012,train,38.7,38.56341,0.13658828735351847,1.0
xgb,LKA,2016,train,39.3,39.117672,0.18232803344726278,1.0
xgb,LSO,1994,train,63.0,62.80046,0.1995391845703125,1.0
xgb,LSO,2002,train,51.2,51.20865,-0.008648681640622158,1.0
xgb,LSO,2017,train,44.9,45.117767,-0.21776733398437642,1.0
xgb,LTU,2001,train,32.0,31.95228,0.04771995544433594,2.0
xgb,LTU,2002,train,31.9,32.399315,-0.49931488037109517,2.0
xgb,LTU,2003,train,35.5,35.47878,0.021221160888671875,2.0
xgb,LTU,2004,train,37.0,36.47691,0.5230903625488281,2.0
xgb,LTU,2005,train,35.3,34.975834,0.32416610717773153,2.0
xgb,LTU,2006,train,34.4,34.04013,0.3598693847656236,2.0
xgb,LTU,2007,train,34.8,34.896816,-0.09681625366211222,2.0
xgb,LTU,2008,train,35.7,35.70733,-0.007328796386715908,2.0
xgb,LTU,2009,train,37.2,36.765938,0.4340621948242216,2.0
xgb,LTU,2010,train,33.6,34.09482,-0.4948181152343736,2.0
xgb,LTU,2011,train,32.5,32.933285,-0.4332847595214844,2.0
xgb,LTU,2012,train,35.1,34.985413,0.11458740234375142,2.0
xgb,LTU,2013,train,35.3,35.650154,-0.3501541137695341,2.0
xgb,LTU,2014,train,37.7,37.629208,0.07079238891601847,2.0
xgb,LTU,2015,train,37.4,36.81124,0.5887588500976548,2.0
xgb,LTU,2016,train,38.4,37.735447,0.664553070068358,2.0
xgb,LTU,2017,train,37.3,36.86481,0.43518905639648153,2.0
xgb,LTU,2018,train,35.7,35.89631,-0.1963088989257784,2.0
xgb,LUX,2001,train,30.9,30.648706,0.251293563842772,2.0
xgb,LUX,2002,train,31.1,30.972242,0.12775764465332173,2.0
xgb,LUX,2003,train,30.2,30.522886,-0.3228862762451179,2.0
xgb,LUX,2004,train,30.2,30.444323,-0.24432258605957102,2.0
xgb,LUX,2005,train,30.8,30.684061,0.11593894958496165,2.0
xgb,LUX,2006,train,30.9,30.963634,-0.0636344909667983,2.0
xgb,LUX,2007,train,31.1,31.166468,-0.06646766662597514,2.0
xgb,LUX,2008,train,32.6,32.293842,0.3061576843261733,2.0
xgb,LUX,2010,train,30.5,30.88825,-0.38825035095214844,2.0
xgb,LUX,2011,train,32.1,32.203938,-0.1039375305175767,2.0
xgb,LUX,2012,train,34.3,33.71435,0.5856483459472628,2.0
xgb,LUX,2013,train,32.0,32.219147,-0.219146728515625,2.0
xgb,LUX,2014,train,31.2,31.50909,-0.3090904235839851,2.0
xgb,LUX,2015,train,32.9,32.5592,0.3407997131347642,2.0
xgb,LUX,2016,train,31.7,32.16307,-0.4630706787109382,2.0
xgb,LUX,2017,train,34.5,34.57979,-0.0797882080078125,2.0
xgb,LUX,2018,train,35.4,34.808296,0.5917037963867173,2.0
xgb,LVA,2002,train,35.1,35.067966,0.032033538818360796,2.0
xgb,LVA,2003,train,36.5,36.210552,0.2894477844238281,2.0
xgb,LVA,2004,train,36.4,36.611904,-0.2119041442871108,2.0
xgb,LVA,2005,train,39.0,38.39319,0.6068115234375,2.0
xgb,LVA,2006,train,35.6,36.323353,-0.7233528137207017,2.0
xgb,LVA,2007,train,37.5,36.843487,0.6565132141113281,2.0
xgb,LVA,2008,train,37.2,37.219166,-0.019165802001950283,2.0
xgb,LVA,2009,train,35.9,36.1039,-0.20390090942382955,2.0
xgb,LVA,2010,train,35.0,35.246323,-0.2463226318359375,2.0
xgb,LVA,2011,train,35.8,35.751472,0.04852752685546591,2.0
xgb,LVA,2012,train,35.2,35.57921,-0.37920837402343466,2.0
xgb,LVA,2013,train,35.5,35.404434,0.0955657958984375,2.0
xgb,LVA,2014,train,35.1,35.05061,0.049390411376954546,2.0
xgb,LVA,2015,train,34.2,34.324245,-0.12424545288085653,2.0
xgb,LVA,2016,train,34.3,34.540417,-0.24041671752929972,2.0
xgb,LVA,2017,train,35.6,35.35033,0.2496696472167983,2.0
xgb,LVA,2018,train,35.1,35.159386,-0.05938568115234233,2.0
xgb,MAR,1990,train,39.2,39.124706,0.07529373168945597,1.0
xgb,MAR,1998,train,39.4,39.244793,0.1552070617675767,1.0
xgb,MAR,2000,train,40.6,40.78826,-0.18826141357421733,1.0
xgb,MAR,2006,train,40.7,40.965992,-0.2659919738769503,1.0
xgb,MDA,2010,train,32.1,31.920135,0.17986450195312642,1.0
xgb,MDA,2011,train,30.6,30.625246,-0.02524604797363139,1.0
xgb,MDA,2012,train,29.2,29.546885,-0.3468845367431648,1.0
xgb,MDA,2013,train,28.5,28.391628,0.10837173461914062,1.0
xgb,MDA,2014,train,26.8,26.976019,-0.17601890563964773,1.0
xgb,MDA,2015,train,27.0,27.017225,-0.017225265502929688,1.0
xgb,MDA,2016,train,26.3,26.030806,0.269194412231446,1.0
xgb,MDA,2017,train,25.9,25.8986,0.0014003753662095164,1.0
xgb,MDA,2018,train,25.7,26.049902,-0.34990196228027415,1.0
xgb,MDG,2005,train,39.9,40.12598,-0.22598037719726705,0.0
xgb,MDG,2012,train,42.6,42.926907,-0.32690658569335795,0.0
xgb,MDV,2002,train,41.3,41.32312,-0.023120117187502842,1.0
xgb,MDV,2016,train,31.3,31.969501,-0.6695014953613274,1.0
xgb,MEX,2000,train,53.4,52.81863,0.5813697814941392,2.0
xgb,MEX,2002,train,50.6,50.753757,-0.1537574768066392,2.0
xgb,MEX,2004,train,50.3,50.406284,-0.10628433227539347,2.0
xgb,MEX,2005,train,50.9,50.64897,0.2510284423828111,2.0
xgb,MEX,2006,train,49.7,49.792213,-0.09221343994140341,2.0
xgb,MEX,2008,train,50.8,50.731243,0.06875686645507528,2.0
xgb,MEX,2010,train,47.7,48.417477,-0.7174766540527315,2.0
xgb,MEX,2012,train,49.6,49.425266,0.1747337341308608,2.0
xgb,MEX,2014,train,48.9,48.811916,0.0880836486816392,2.0
xgb,MEX,2016,train,46.9,46.83348,0.06651916503906108,2.0
xgb,MEX,2018,train,46.0,45.82165,0.17834854125976562,2.0
xgb,MKD,1998,train,28.1,28.460691,-0.36069145202636577,1.0
xgb,MKD,2000,train,34.3,34.85508,-0.5550796508789091,1.0
xgb,MKD,2002,train,38.5,38.16591,0.3340911865234375,1.0
xgb,MKD,2003,train,38.7,38.829456,-0.12945632934570028,1.0
xgb,MKD,2004,train,38.4,38.31752,0.08247985839843608,1.0
xgb,MKD,2005,train,39.3,39.01796,0.28204040527343466,1.0
xgb,MKD,2008,train,46.1,45.75825,0.34174880981445455,1.0
xgb,MKD,2009,train,42.8,42.6557,0.14429931640624716,1.0
xgb,MKD,2010,train,40.1,40.435143,-0.33514251708984233,1.0
xgb,MKD,2012,train,38.1,37.862297,0.23770294189453267,1.0
xgb,MKD,2013,train,36.2,35.95684,0.2431594848632841,1.0
xgb,MKD,2014,train,35.2,35.356087,-0.1560867309570284,1.0
xgb,MKD,2015,train,35.6,35.323273,0.2767272949218764,1.0
xgb,MKD,2017,train,34.2,34.37572,-0.17572097778320028,1.0
xgb,MKD,2018,train,33.0,33.09451,-0.09450912475585938,1.0
xgb,MLI,1994,train,50.1,49.73734,0.3626609802246108,0.0
xgb,MLI,2006,train,38.9,38.870663,0.029337310791014204,0.0
xgb,MLI,2009,train,33.0,33.538857,-0.5388565063476562,0.0
xgb,MLI,2018,train,36.0,36.000057,-5.7220458984375e-05,0.0
xgb,MLT,2006,train,28.0,28.45759,-0.45759010314941406,2.0
xgb,MLT,2007,train,29.2,29.259748,-0.0597484588623054,2.0
xgb,MLT,2008,train,29.0,29.032804,-0.03280448913574219,2.0
xgb,MLT,2010,train,29.0,28.973673,0.026327133178710938,2.0
xgb,MLT,2011,train,29.1,28.764963,0.33503684997558736,2.0
xgb,MLT,2012,train,29.4,29.397043,0.0029567718505845164,2.0
xgb,MLT,2013,train,28.8,28.833666,-0.0336658477783196,2.0
xgb,MLT,2014,train,29.0,28.991198,0.008802413940429688,2.0
xgb,MLT,2015,train,29.4,29.340557,0.059442901611326704,2.0
xgb,MLT,2016,train,29.1,29.015522,0.0844779968261733,2.0
xgb,MLT,2017,train,29.2,29.02466,0.17533988952636648,2.0
xgb,MLT,2018,train,28.7,28.854555,-0.15455513000488352,2.0
xgb,MMR,2017,train,30.7,30.817387,-0.11738662719726634,0.0
xgb,MNE,2005,train,30.2,30.20219,-0.0021903991699225855,2.0
xgb,MNE,2006,train,30.0,30.708185,-0.7081851959228516,2.0
xgb,MNE,2007,train,31.4,31.483541,-0.08354148864746236,2.0
xgb,MNE,2008,train,30.5,30.303774,0.1962261199951172,2.0
xgb,MNE,2009,train,31.0,30.597145,0.40285491943359375,2.0
xgb,MNE,2010,train,28.9,29.358923,-0.45892295837402486,2.0
xgb,MNE,2011,train,30.8,31.70283,-0.9028293609619134,2.0
xgb,MNE,2012,train,41.2,40.206047,0.9939529418945341,2.0
xgb,MNE,2015,train,39.0,38.789314,0.21068572998046875,2.0
xgb,MNE,2016,train,38.5,38.458344,0.041656494140625,2.0
xgb,MNE,2017,train,36.9,36.862766,0.037233734130857954,2.0
xgb,MNE,2018,train,36.8,36.786896,0.013104248046872158,2.0
xgb,MNG,1995,train,33.2,33.378094,-0.17809371948241903,1.0
xgb,MNG,1998,train,30.3,30.272575,0.02742462158203196,1.0
xgb,MNG,2002,train,32.9,33.06152,-0.1615196228027358,1.0
xgb,MNG,2010,train,33.1,33.401,-0.3010009765624986,1.0
xgb,MNG,2018,train,32.7,32.62493,0.07506866455078409,1.0
xgb,MOZ,2002,train,46.9,46.657043,0.24295654296874858,0.0
xgb,MOZ,2008,train,45.5,45.36547,0.13452911376953125,0.0
xgb,MOZ,2014,train,54.0,53.49662,0.5033798217773438,0.0
xgb,MRT,1993,train,49.5,48.949436,0.5505638122558594,0.0
xgb,MRT,1995,train,37.7,38.027287,-0.3272865295410128,0.0
xgb,MRT,2000,train,39.0,38.934822,0.06517791748046875,0.0
xgb,MRT,2004,train,40.2,40.261353,-0.06135253906249716,0.0
xgb,MRT,2008,train,35.7,35.622265,0.07773513793945597,0.0
xgb,MRT,2014,train,32.6,32.902637,-0.3026374816894517,0.0
xgb,MUS,2006,train,35.7,36.42029,-0.7202919006347628,1.0
xgb,MUS,2012,train,38.5,38.564667,-0.064666748046875,1.0
xgb,MUS,2017,train,36.8,36.3858,0.4142005920410128,1.0
xgb,MWI,2004,train,39.9,40.006935,-0.10693511962890767,0.0
xgb,MWI,2010,train,45.5,45.242977,0.2570228576660156,0.0
xgb,MWI,2016,train,44.7,44.767555,-0.06755523681640341,0.0
xgb,MYS,1992,train,47.7,47.69241,0.007590484619143467,1.0
xgb,MYS,1995,train,48.5,48.497715,0.002285003662109375,1.0
xgb,MYS,1997,train,49.1,49.324173,-0.22417297363281108,1.0
xgb,MYS,2003,train,46.4,46.16745,0.23255004882812358,1.0
xgb,MYS,2006,train,44.8,45.03619,-0.23619003295898722,1.0
xgb,MYS,2008,train,45.5,45.54618,-0.04618072509765625,1.0
xgb,MYS,2011,train,43.6,43.347958,0.25204238891601705,1.0
xgb,MYS,2013,train,41.3,41.163708,0.13629226684570028,1.0
xgb,MYS,2015,train,41.1,40.926216,0.17378387451172017,1.0
xgb,MYS,2018,train,41.2,41.127953,0.07204742431640909,1.0
xgb,NAM,1993,train,71.1,70.841576,0.25842437744140057,1.0
xgb,NAM,2003,train,63.3,63.376087,-0.07608718872070597,1.0
xgb,NAM,2015,train,59.1,58.302246,0.7977539062500014,1.0
xgb,NER,1992,train,36.0,36.039494,-0.039493560791015625,0.0
xgb,NER,2005,train,44.4,44.412804,-0.012803649902345171,0.0
xgb,NER,2007,train,37.3,37.339836,-0.03983612060547159,0.0
xgb,NER,2011,train,31.5,31.739439,-0.2394390106201172,0.0
xgb,NER,2014,train,34.3,34.372948,-0.07294769287109659,0.0
xgb,NGA,2010,train,35.7,35.58097,0.11902923583984659,0.0
xgb,NGA,2012,train,35.5,35.615654,-0.11565399169921875,0.0
xgb,NGA,2015,train,35.9,35.91358,-0.013581848144532671,0.0
xgb,NGA,2018,train,35.1,35.0577,0.04229888916015767,0.0
xgb,NIC,1993,train,57.1,57.09408,0.005918121337892046,1.0
xgb,NIC,1998,train,54.4,54.47324,-0.07323989868164205,1.0
xgb,NIC,2001,train,52.9,52.91433,-0.014329528808595171,1.0
xgb,NIC,2005,train,48.8,49.176582,-0.3765823364257841,1.0
xgb,NLD,2004,train,29.8,29.517899,0.2821014404296882,2.0
xgb,NLD,2005,train,29.0,29.50253,-0.5025291442871094,2.0
xgb,NLD,2006,train,30.0,29.617657,0.3823432922363281,2.0
xgb,NLD,2007,train,29.6,29.324726,0.2752738952636733,2.0
xgb,NLD,2008,train,29.3,29.041704,0.2582958221435554,2.0
xgb,NLD,2009,train,27.9,28.033735,-0.1337352752685561,2.0
xgb,NLD,2010,train,27.8,28.023434,-0.22343368530273366,2.0
xgb,NLD,2011,train,27.8,27.76969,0.030310440063477273,2.0
xgb,NLD,2012,train,27.6,27.606792,-0.006792449951170454,2.0
xgb,NLD,2015,train,28.2,28.106638,0.09336204528808523,2.0
xgb,NLD,2016,train,28.2,28.248474,-0.04847412109375071,2.0
xgb,NLD,2017,train,28.5,28.390873,0.10912704467773438,2.0
xgb,NLD,2018,train,28.1,28.381779,-0.2817787170410142,2.0
xgb,NOR,2003,train,27.6,28.343998,-0.7439979553222642,2.0
xgb,NOR,2004,train,31.6,30.680956,0.9190441131591811,2.0
xgb,NOR,2005,train,30.6,30.34173,0.25826988220214986,2.0
xgb,NOR,2006,train,26.4,26.837759,-0.43775901794433736,2.0
xgb,NOR,2007,train,27.1,27.202188,-0.10218849182128764,2.0
xgb,NOR,2008,train,27.0,26.992916,0.007083892822265625,2.0
xgb,NOR,2009,train,26.2,26.072144,0.1278564453124993,2.0
xgb,NOR,2010,train,25.7,25.82867,-0.12867050170898509,2.0
xgb,NOR,2011,train,25.3,25.775743,-0.4757434844970696,2.0
xgb,NOR,2012,train,25.7,25.917852,-0.21785240173339915,2.0
xgb,NOR,2013,train,26.4,26.374498,0.025501632690428266,2.0
xgb,NOR,2014,train,26.8,26.525337,0.27466278076171946,2.0
xgb,NOR,2015,train,27.5,27.161211,0.3387889862060547,2.0
xgb,NOR,2016,train,28.5,28.267847,0.23215293884277344,2.0
xgb,NOR,2017,train,27.0,27.265728,-0.2657279968261719,2.0
xgb,NOR,2018,train,27.6,27.424595,0.1754051208496108,2.0
xgb,NPL,1995,train,35.2,35.616966,-0.4169662475585909,0.0
xgb,NPL,2003,train,43.8,43.453304,0.3466957092285128,0.0
xgb,NPL,2010,train,32.8,32.992107,-0.19210739135742472,0.0
xgb,NRU,2012,train,32.4,32.4092,-0.009198760986329546,
xgb,PAK,1990,train,33.2,33.133064,0.06693572998047159,0.0
xgb,PAK,2004,train,30.9,30.92088,-0.020879364013673296,0.0
xgb,PAK,2005,train,31.3,30.94317,0.35682945251464915,0.0
xgb,PAK,2007,train,29.7,29.940483,-0.24048309326171946,0.0
xgb,PAK,2010,train,28.8,29.056263,-0.2562629699707024,0.0
xgb,PAK,2011,train,29.7,29.390785,0.30921478271484304,0.0
xgb,PAK,2013,train,29.5,29.702623,-0.2026233673095703,0.0
xgb,PAK,2015,train,31.3,31.382013,-0.08201332092285085,0.0
xgb,PAK,2018,train,29.6,29.922413,-0.3224128723144517,0.0
xgb,PAN,1991,train,58.0,57.78834,0.21165847778320312,2.0
xgb,PAN,1995,train,57.6,57.478214,0.1217857360839858,2.0
xgb,PAN,1999,train,56.3,56.428146,-0.12814636230469034,2.0
xgb,PAN,2000,train,56.6,56.783573,-0.1835731506347642,2.0
xgb,PAN,2001,train,56.7,56.421253,0.2787467956542997,2.0
xgb,PAN,2002,train,56.1,56.030582,0.0694175720214858,2.0
xgb,PAN,2004,train,54.8,54.79731,0.002690124511715908,2.0
xgb,PAN,2005,train,53.8,53.921864,-0.12186355590820597,2.0
xgb,PAN,2006,train,54.6,54.15508,0.4449211120605483,2.0
xgb,PAN,2007,train,52.7,52.74555,-0.04554824829101278,2.0
xgb,PAN,2008,train,52.7,52.55098,0.14902038574219034,2.0
xgb,PAN,2009,train,51.8,51.603806,0.19619445800780966,2.0
xgb,PAN,2010,train,51.6,51.546234,0.05376586914062642,2.0
xgb,PAN,2011,train,51.3,51.3157,-0.015700531005862217,2.0
xgb,PAN,2013,train,51.5,51.5089,-0.008899688720703125,2.0
xgb,PAN,2014,train,50.5,50.49453,0.00547027587890625,2.0
xgb,PAN,2015,train,50.8,51.041622,-0.24162216186523722,2.0
xgb,PAN,2016,train,50.4,49.936176,0.46382369995117045,2.0
xgb,PAN,2017,train,49.9,50.05692,-0.15691909790039205,2.0
xgb,PER,1994,train,44.0,44.34507,-0.34506988525390625,1.0
xgb,PER,1997,train,53.3,53.102192,0.19780807495116903,1.0
xgb,PER,1998,train,55.1,54.793297,0.30670318603515767,1.0
xgb,PER,1999,train,54.8,54.32013,0.47987060546874716,1.0
xgb,PER,2000,train,49.1,50.390133,-1.290132904052733,1.0
xgb,PER,2001,train,51.3,51.452225,-0.15222473144531534,1.0
xgb,PER,2002,train,53.6,52.94379,0.6562095642089858,1.0
xgb,PER,2003,train,53.1,53.208073,-0.1080726623535142,1.0
xgb,PER,2004,train,49.9,49.95454,-0.054540252685548296,1.0
xgb,PER,2005,train,50.4,50.552265,-0.15226516723632955,1.0
xgb,PER,2006,train,50.3,50.28117,0.018830108642575283,1.0
xgb,PER,2007,train,50.0,49.60752,0.39247894287109375,1.0
xgb,PER,2008,train,47.5,47.91384,-0.41384124755859375,1.0
xgb,PER,2009,train,47.0,47.522537,-0.5225372314453125,1.0
xgb,PER,2010,train,45.5,45.918964,-0.4189643859863281,1.0
xgb,PER,2011,train,44.7,44.76052,-0.06052093505859091,1.0
xgb,PER,2012,train,44.4,44.32969,0.07031097412109233,1.0
xgb,PER,2013,train,43.9,43.85036,0.049639129638670454,1.0
xgb,PER,2014,train,43.1,43.448223,-0.34822311401367045,1.0
xgb,PER,2015,train,43.4,43.558826,-0.15882644653320455,1.0
xgb,PER,2016,train,43.6,43.402813,0.19718704223632955,1.0
xgb,PER,2017,train,43.3,43.475025,-0.17502517700195597,1.0
xgb,PER,2018,train,42.4,42.381668,0.01833190917968608,1.0
xgb,PHL,1991,train,43.8,43.66508,0.13491897583007528,1.0
xgb,PHL,1994,train,42.9,43.132988,-0.23298797607422017,1.0
xgb,PHL,1997,train,46.0,45.312565,0.6874351501464844,1.0
xgb,PHL,2003,train,46.6,46.466034,0.13396606445312642,1.0
xgb,PHL,2006,train,47.2,47.187748,0.012252044677737217,1.0
xgb,PHL,2009,train,46.3,45.38488,0.9151199340820284,1.0
xgb,PHL,2015,train,44.6,44.670113,-0.07011260986327983,1.0
xgb,PHL,2018,train,42.3,42.62222,-0.3222190856933622,1.0
xgb,POL,2001,train,32.8,33.64261,-0.8426086425781278,2.0
xgb,POL,2002,train,34.1,34.51301,-0.41300811767577983,2.0
xgb,POL,2003,train,34.9,34.749798,0.1502021789550767,2.0
xgb,POL,2004,train,38.0,37.116714,0.8832855224609375,2.0
xgb,POL,2005,train,35.8,35.876022,-0.07602233886719034,2.0
xgb,POL,2006,train,34.7,34.738274,-0.03827362060546591,2.0
xgb,POL,2007,train,34.0,34.283566,-0.2835655212402344,2.0
xgb,POL,2008,train,33.5,33.6809,-0.18090057373046875,2.0
xgb,POL,2009,train,33.4,33.38612,0.013880157470701704,2.0
xgb,POL,2010,train,33.2,33.43645,-0.23645095825195028,2.0
xgb,POL,2011,train,33.2,32.934162,0.2658378601074247,2.0
xgb,POL,2012,train,33.0,32.98948,0.01052093505859375,2.0
xgb,POL,2013,train,33.1,33.016033,0.08396682739257955,2.0
xgb,POL,2014,train,32.8,32.470295,0.32970504760741903,2.0
xgb,POL,2015,train,31.8,31.800173,-0.00017280578613210196,2.0
xgb,POL,2016,train,31.2,31.210049,-0.010048675537110086,2.0
xgb,POL,2017,train,29.7,30.644386,-0.944386291503907,2.0
xgb,POL,2018,train,30.2,30.185194,0.014805984497069602,2.0
xgb,PRT,2003,train,38.8,38.597157,0.20284347534179403,2.0
xgb,PRT,2004,train,38.9,38.272015,0.6279853820800767,2.0
xgb,PRT,2005,train,38.5,38.238194,0.2618064880371094,2.0
xgb,PRT,2006,train,38.1,38.16525,-0.06524887084960795,2.0
xgb,PRT,2007,train,36.8,36.96807,-0.1680709838867216,2.0
xgb,PRT,2008,train,36.6,36.674484,-0.07448425292968608,2.0
xgb,PRT,2009,train,34.9,34.98561,-0.08561096191406392,2.0
xgb,PRT,2010,train,35.8,35.916573,-0.11657257080078409,2.0
xgb,PRT,2011,train,36.3,36.20482,0.09518127441405966,2.0
xgb,PRT,2012,train,36.0,36.172394,-0.172393798828125,2.0
xgb,PRT,2013,train,36.2,36.233337,-0.03333740234374716,2.0
xgb,PRT,2014,train,35.6,35.527836,0.0721641540527358,2.0
xgb,PRT,2015,train,35.5,35.437687,0.062313079833984375,2.0
xgb,PRT,2016,train,35.2,35.113792,0.08620758056640909,2.0
xgb,PRT,2017,train,33.8,33.66104,0.13895874023437216,2.0
xgb,PRT,2018,train,33.5,33.95921,-0.4592094421386719,2.0
xgb,PRY,1990,train,40.8,40.934242,-0.1342422485351591,1.0
xgb,PRY,1995,train,58.1,57.97659,0.12341079711914205,1.0
xgb,PRY,1997,train,54.9,54.818375,0.08162536621093608,1.0
xgb,PRY,1999,train,54.6,54.413074,0.1869255065917983,1.0
xgb,PRY,2001,train,54.6,54.422085,0.17791519165039205,1.0
xgb,PRY,2002,train,57.3,56.281982,1.0180175781249972,1.0
xgb,PRY,2003,train,54.9,54.840027,0.05997314453124858,1.0
xgb,PRY,2004,train,52.3,52.245243,0.05475692749023153,1.0
xgb,PRY,2005,train,51.4,51.752026,-0.3520256042480483,1.0
xgb,PRY,2006,train,53.0,53.06303,-0.06303024291992188,1.0
xgb,PRY,2007,train,53.0,53.0466,-0.046600341796875,1.0
xgb,PRY,2008,train,50.7,50.77506,-0.07505874633788778,1.0
xgb,PRY,2009,train,49.1,49.618835,-0.5188354492187486,1.0
xgb,PRY,2010,train,51.0,51.202877,-0.20287704467773438,1.0
xgb,PRY,2011,train,52.3,51.48298,0.8170211791992159,1.0
xgb,PRY,2012,train,47.6,47.550762,0.049237823486329546,1.0
xgb,PRY,2016,train,47.9,47.85316,0.046839141845701704,1.0
xgb,PSE,2004,train,34.0,34.1128,-0.11280059814453125,1.0
xgb,PSE,2005,train,34.7,34.53856,0.16144104003906534,1.0
xgb,PSE,2006,train,34.0,34.10676,-0.10675811767578125,1.0
xgb,PSE,2007,train,35.6,35.47145,0.12854919433593892,1.0
xgb,PSE,2009,train,34.5,34.390488,0.1095123291015625,1.0
xgb,PSE,2010,train,35.3,35.35717,-0.05717010498047159,1.0
xgb,PSE,2011,train,34.4,34.54863,-0.14862976074218892,1.0
xgb,PSE,2016,train,33.7,33.822586,-0.12258605957030966,1.0
xgb,QAT,2017,train,35.1,34.777508,0.32249221801757955,2.0
xgb,ROU,2001,train,29.4,29.593042,-0.19304237365722798,1.0
xgb,ROU,2002,train,30.2,30.107618,0.0923816680908196,1.0
xgb,ROU,2003,train,29.9,29.83993,0.060070419311522016,1.0
xgb,ROU,2004,train,30.0,29.948303,0.05169677734375,1.0
xgb,ROU,2005,train,29.8,31.032293,-1.2322933197021477,1.0
xgb,ROU,2006,train,39.6,38.65497,0.9450317382812514,1.0
xgb,ROU,2007,train,37.5,37.924213,-0.4242134094238281,1.0
xgb,ROU,2008,train,36.4,35.725018,0.6749824523925767,1.0
xgb,ROU,2009,train,35.6,35.50732,0.09267959594726705,1.0
xgb,ROU,2010,train,35.5,35.567986,-0.06798553466796875,1.0
xgb,ROU,2011,train,35.9,35.813858,0.08614196777343608,1.0
xgb,ROU,2012,train,36.5,36.35372,0.14627838134765625,1.0
xgb,ROU,2013,train,36.9,36.367035,0.5329650878906236,1.0
xgb,ROU,2014,train,36.0,36.465794,-0.4657936096191406,1.0
xgb,ROU,2015,train,35.9,35.899193,0.0008071899414048289,1.0
xgb,ROU,2016,train,34.4,34.610474,-0.21047363281250142,1.0
xgb,ROU,2017,train,36.0,34.91353,1.0864715576171875,1.0
xgb,ROU,2018,train,35.8,35.64626,0.15374069213866903,1.0
xgb,RUS,1993,train,45.4,44.904205,0.4957946777343736,2.0
xgb,RUS,1996,train,46.1,45.77525,0.32475051879882955,2.0
xgb,RUS,1997,train,38.4,38.573254,-0.1732536315917983,2.0
xgb,RUS,1998,train,38.1,38.131813,-0.03181304931640483,2.0
xgb,RUS,1999,train,37.4,37.863903,-0.4639030456542983,2.0
xgb,RUS,2003,train,40.0,39.63947,0.3605308532714844,2.0
xgb,RUS,2004,train,40.3,40.66343,-0.3634292602539091,2.0
xgb,RUS,2005,train,41.3,41.28473,0.015270996093747158,2.0
xgb,RUS,2006,train,41.0,41.254448,-0.25444793701171875,2.0
xgb,RUS,2007,train,42.3,41.990665,0.30933456420898153,2.0
xgb,RUS,2008,train,41.6,41.582497,0.01750335693359517,2.0
xgb,RUS,2009,train,39.8,39.313248,0.48675231933593466,2.0
xgb,RUS,2011,train,39.7,39.84115,-0.1411483764648409,2.0
xgb,RUS,2012,train,40.7,39.714314,0.9856864929199247,2.0
xgb,RUS,2013,train,40.9,40.28357,0.6164306640624986,2.0
xgb,RUS,2014,train,36.9,37.19395,-0.2939506530761733,2.0
xgb,RUS,2015,train,36.5,36.503834,-0.003833770751953125,2.0
xgb,RUS,2016,train,36.7,36.922432,-0.2224319458007784,2.0
xgb,RUS,2017,train,35.5,36.04396,-0.5439605712890625,2.0
xgb,RUS,2018,train,35.3,35.75809,-0.45809097290039347,2.0
xgb,RWA,2000,train,48.5,48.499306,0.00069427490234375,0.0
xgb,RWA,2005,train,52.0,51.777164,0.22283554077148438,0.0
xgb,RWA,2010,train,47.2,47.666374,-0.4663742065429659,0.0
xgb,RWA,2013,train,45.1,44.99833,0.10167083740234517,0.0
xgb,RWA,2016,train,43.7,43.45184,0.24816055297851847,0.0
xgb,SDN,2009,train,35.4,35.40731,-0.007310485839845171,
xgb,SDN,2014,train,34.2,34.02417,0.17583007812500284,
xgb,SEN,2001,train,41.2,41.120697,0.07930297851562784,0.0
xgb,SEN,2005,train,39.2,39.570087,-0.3700874328613253,0.0
xgb,SEN,2011,train,40.3,41.176247,-0.8762466430664091,0.0
xgb,SLB,2005,train,46.1,46.01604,0.0839591979980483,0.0
xgb,SLB,2012,train,37.1,37.23895,-0.13894882202148295,0.0
xgb,SLE,2011,train,34.0,34.35578,-0.35578155517578125,0.0
xgb,SLE,2018,train,35.7,35.849777,-0.14977722167968466,0.0
xgb,SLV,1991,train,53.8,53.50663,0.2933700561523409,1.0
xgb,SLV,1998,train,54.4,54.18358,0.21642150878906108,1.0
xgb,SLV,1999,train,52.1,52.14501,-0.04501190185546733,1.0
xgb,SLV,2000,train,51.5,51.713966,-0.21396636962890625,1.0
xgb,SLV,2001,train,51.3,51.39264,-0.09263916015625284,1.0
xgb,SLV,2002,train,51.9,51.54483,0.3551696777343736,1.0
xgb,SLV,2003,train,50.4,50.454315,-0.05431518554687642,1.0
xgb,SLV,2004,train,47.8,47.953564,-0.15356369018554972,1.0
xgb,SLV,2005,train,48.5,48.375675,0.12432479858398438,1.0
xgb,SLV,2006,train,45.7,45.77006,-0.07006149291991903,1.0
xgb,SLV,2007,train,45.2,45.564754,-0.36475448608398153,1.0
xgb,SLV,2008,train,46.9,46.879753,0.02024688720702983,1.0
xgb,SLV,2009,train,45.8,45.48121,0.3187911987304659,1.0
xgb,SLV,2010,train,43.5,43.20727,0.2927284240722656,1.0
xgb,SLV,2011,train,42.3,42.694878,-0.3948776245117216,1.0
xgb,SLV,2012,train,41.8,42.261055,-0.4610549926757841,1.0
xgb,SLV,2013,train,43.4,42.64792,0.7520812988281236,1.0
xgb,SLV,2014,train,41.6,41.50894,0.09105834960937642,1.0
xgb,SLV,2015,train,40.6,40.72597,-0.1259712219238267,1.0
xgb,SLV,2016,train,40.0,39.902534,0.09746551513671875,1.0
xgb,SLV,2017,train,38.0,38.233288,-0.23328781127929688,1.0
xgb,SLV,2018,train,38.6,39.177204,-0.5772041320800767,1.0
xgb,SRB,2002,train,32.7,32.52031,0.17969055175781534,1.0
xgb,SRB,2003,train,32.8,32.93472,-0.13471908569336222,1.0
xgb,SRB,2004,train,35.5,35.493225,0.00677490234375,1.0
xgb,SRB,2005,train,36.5,35.826324,0.673675537109375,1.0
xgb,SRB,2006,train,29.7,30.416636,-0.7166355133056648,1.0
xgb,SRB,2007,train,28.7,28.628967,0.07103271484374929,1.0
xgb,SRB,2008,train,27.6,27.656261,-0.056261444091795454,1.0
xgb,SRB,2009,train,28.0,28.234385,-0.23438453674316406,1.0
xgb,SRB,2010,train,29.0,29.165169,-0.16516876220703125,1.0
xgb,SRB,2012,train,39.9,39.626965,0.2730354309082017,1.0
xgb,SRB,2013,train,39.4,39.693542,-0.2935424804687514,1.0
xgb,SRB,2014,train,40.4,39.933037,0.46696319580077983,1.0
xgb,SRB,2015,train,40.5,39.814587,0.6854133605957031,1.0
xgb,SRB,2016,train,38.8,38.591927,0.2080734252929659,1.0
xgb,SRB,2017,train,36.1,36.02434,0.0756584167480483,1.0
xgb,SRB,2018,train,35.0,35.232193,-0.2321929931640625,1.0
xgb,STP,2010,train,30.8,31.154789,-0.3547889709472649,1.0
xgb,STP,2017,train,40.7,40.59897,0.10103149414062784,1.0
xgb,SVK,2004,train,27.1,27.339994,-0.23999443054199077,2.0
xgb,SVK,2005,train,29.3,28.767698,0.5323017120361335,2.0
xgb,SVK,2006,train,25.8,25.89091,-0.09090919494628835,2.0
xgb,SVK,2007,train,24.7,25.472542,-0.772541809082032,2.0
xgb,SVK,2008,train,26.0,25.980206,0.019794464111328125,2.0
xgb,SVK,2009,train,27.2,27.597622,-0.3976219177246101,2.0
xgb,SVK,2010,train,27.3,26.96955,0.3304508209228523,2.0
xgb,SVK,2011,train,26.5,26.148159,0.3518409729003906,2.0
xgb,SVK,2012,train,26.1,26.203962,-0.10396232604980327,2.0
xgb,SVK,2013,train,28.1,28.048304,0.05169639587402486,2.0
xgb,SVK,2014,train,26.1,26.437061,-0.3370613098144517,2.0
xgb,SVK,2015,train,26.5,26.109478,0.3905220031738281,2.0
xgb,SVK,2016,train,25.2,25.094992,0.10500831604003835,2.0
xgb,SVK,2017,train,23.2,24.210646,-1.0106456756591804,2.0
xgb,SVK,2018,train,25.0,24.81031,0.18968963623046875,2.0
xgb,SVN,2002,train,29.1,29.485245,-0.3852447509765611,2.0
xgb,SVN,2003,train,30.9,30.000109,0.8998912811279283,2.0
xgb,SVN,2004,train,24.8,25.124414,-0.32441444396972585,2.0
xgb,SVN,2005,train,24.6,25.00793,-0.40793075561523295,2.0
xgb,SVN,2006,train,24.4,24.12164,0.2783607482910142,2.0
xgb,SVN,2007,train,24.4,24.409897,-0.009896850585938921,2.0
xgb,SVN,2008,train,23.7,23.732676,-0.03267555236816477,2.0
xgb,SVN,2009,train,24.8,24.76966,0.03033905029296946,2.0
xgb,SVN,2010,train,24.9,25.109879,-0.20987854003906392,2.0
xgb,SVN,2011,train,24.9,24.807579,0.09242095947265483,2.0
xgb,SVN,2012,train,25.6,25.550003,0.04999694824218892,2.0
xgb,SVN,2013,train,26.2,26.174534,0.025466156005858664,2.0
xgb,SVN,2014,train,25.7,25.612091,0.08790893554687429,2.0
xgb,SVN,2015,train,25.4,25.565025,-0.16502532958984517,2.0
xgb,SVN,2016,train,24.8,24.996517,-0.19651718139648366,2.0
xgb,SVN,2017,train,24.2,24.213652,-0.013651657104492898,2.0
xgb,SVN,2018,train,24.6,24.629839,-0.02983894348144389,2.0
xgb,SWE,2001,train,26.5,26.47912,0.020879745483398438,2.0
xgb,SWE,2002,train,26.2,26.244293,-0.04429321289062571,2.0
xgb,SWE,2003,train,25.3,25.639553,-0.33955307006835866,2.0
xgb,SWE,2004,train,26.1,26.769627,-0.6696266174316392,2.0
xgb,SWE,2005,train,26.8,26.714373,0.0856273651123054,2.0
xgb,SWE,2006,train,26.4,26.695976,-0.29597625732422017,2.0
xgb,SWE,2007,train,27.1,27.106186,-0.006185913085936079,2.0
xgb,SWE,2008,train,28.1,27.77437,0.3256298065185561,2.0
xgb,SWE,2009,train,27.3,27.668846,-0.36884613037109304,2.0
xgb,SWE,2010,train,27.7,27.516996,0.1830036163330071,2.0
xgb,SWE,2011,train,27.6,27.496359,0.10364112854004048,2.0
xgb,SWE,2012,train,27.6,27.676931,-0.07693138122558452,2.0
xgb,SWE,2013,train,28.8,28.5662,0.23379974365234446,2.0
xgb,SWE,2014,train,28.4,28.729963,-0.3299633026123061,2.0
xgb,SWE,2015,train,29.2,29.069553,0.13044662475585866,2.0
xgb,SWE,2016,train,29.6,29.475948,0.12405166625976705,2.0
xgb,SWE,2017,train,28.8,29.046679,-0.2466785430908196,2.0
xgb,SWE,2018,train,30.0,29.410944,0.5890560150146484,2.0
xgb,SWZ,1994,train,58.7,58.343784,0.3562156677246122,1.0
xgb,SWZ,2000,train,53.1,53.432125,-0.33212509155273295,1.0
xgb,SWZ,2009,train,51.4,51.200474,0.19952621459960795,1.0
xgb,SWZ,2016,train,54.6,54.493935,0.10606536865234517,1.0
xgb,SYC,2006,train,42.8,42.8056,-0.005599212646487217,2.0
xgb,SYC,2013,train,46.8,46.500957,0.2990425109863253,2.0
xgb,SYC,2018,train,32.1,32.41419,-0.3141883850097642,2.0
xgb,SYR,1996,train,35.2,36.30281,-1.1028106689453097,
xgb,SYR,2003,train,37.5,37.325043,0.174957275390625,
xgb,SYR,2006,train,40.1,40.02949,0.07050857543945455,
xgb,SYR,2009,train,40.4,40.30876,0.09123840332031108,
xgb,TCD,2003,train,39.8,39.836098,-0.03609771728515909,0.0
xgb,TCD,2011,train,43.3,42.459152,0.8408477783203097,0.0
xgb,TCD,2018,train,37.5,37.607628,-0.10762786865234375,0.0
xgb,TGO,2006,train,42.2,42.46749,-0.2674911499023409,0.0
xgb,TGO,2011,train,46.0,45.87826,0.12173843383789062,0.0
xgb,THA,1990,train,45.3,45.39233,-0.09233016967773722,1.0
xgb,THA,1992,train,47.9,47.921158,-0.02115783691406392,1.0
xgb,THA,1994,train,43.5,43.559105,-0.05910491943359375,1.0
xgb,THA,1996,train,42.9,42.65577,0.24423065185546733,1.0
xgb,THA,1998,train,41.5,42.119766,-0.6197662353515625,1.0
xgb,THA,2002,train,41.9,41.788235,0.1117652893066392,1.0
xgb,THA,2004,train,42.5,42.544357,-0.0443572998046875,1.0
xgb,THA,2006,train,41.8,41.373917,0.42608337402343466,1.0
xgb,THA,2007,train,39.8,40.113197,-0.3131973266601591,1.0
xgb,THA,2008,train,40.3,40.16474,0.1352584838867159,1.0
xgb,THA,2009,train,39.6,39.463673,0.1363273620605483,1.0
xgb,THA,2010,train,39.4,39.49657,-0.09657058715820455,1.0
xgb,THA,2011,train,37.5,37.646286,-0.1462860107421875,1.0
xgb,THA,2012,train,39.3,38.903694,0.3963058471679659,1.0
xgb,THA,2013,train,37.8,38.145416,-0.34541625976562784,1.0
xgb,THA,2014,train,37.0,36.817097,0.18290328979492188,1.0
xgb,THA,2015,train,36.0,36.133575,-0.133575439453125,1.0
xgb,THA,2016,train,36.7,36.489277,0.21072311401367472,1.0
xgb,THA,2017,train,36.4,36.37159,0.02841033935546733,1.0
xgb,THA,2018,train,36.4,36.770016,-0.3700157165527358,1.0
xgb,TJK,1999,train,29.5,29.542343,-0.0423431396484375,1.0
xgb,TJK,2003,train,32.7,32.67701,0.022990417480471592,1.0
xgb,TJK,2004,train,33.6,33.723717,-0.12371673583984233,1.0
xgb,TJK,2007,train,32.2,32.110058,0.08994216918945597,1.0
xgb,TJK,2009,train,30.8,30.940834,-0.14083404541015554,1.0
xgb,TLS,2001,train,35.9,35.940224,-0.04022369384765767,0.0
xgb,TLS,2014,train,28.7,28.876791,-0.17679100036621165,0.0
xgb,TON,2000,train,37.7,37.6419,0.05810089111328409,1.0
xgb,TON,2009,train,37.5,37.421047,0.07895278930664062,1.0
xgb,TON,2015,train,33.5,33.490192,0.009807586669921875,1.0
xgb,TTO,1992,train,40.2,40.36569,-0.16568832397460653,
xgb,TUN,1990,train,40.1,39.79254,0.3074584960937514,1.0
xgb,TUN,1995,train,41.7,42.156258,-0.4562576293945284,1.0
xgb,TUN,2000,train,40.8,40.46015,0.3398483276367159,1.0
xgb,TUN,2005,train,37.7,37.867165,-0.1671646118164034,1.0
xgb,TUN,2010,train,38.5,38.2988,0.20119857788085938,1.0
xgb,TUN,2015,train,32.8,34.186806,-1.386805725097659,1.0
xgb,TUR,1994,train,41.3,41.22544,0.07455902099609091,1.0
xgb,TUR,2002,train,41.4,41.487503,-0.08750305175781392,1.0
xgb,TUR,2003,train,42.2,42.073803,0.12619705200195597,1.0
xgb,TUR,2004,train,41.3,41.55869,-0.25868911743164347,1.0
xgb,TUR,2005,train,42.6,41.847736,0.7522636413574233,1.0
xgb,TUR,2006,train,39.6,39.684116,-0.0841163635253892,1.0
xgb,TUR,2007,train,38.4,38.759464,-0.35946426391601705,1.0
xgb,TUR,2008,train,39.0,38.952663,0.047336578369140625,1.0
xgb,TUR,2009,train,39.0,38.802574,0.19742584228515625,1.0
xgb,TUR,2010,train,38.8,39.22199,-0.42198867797851847,1.0
xgb,TUR,2011,train,40.0,39.901306,0.09869384765625,1.0
xgb,TUR,2012,train,40.2,40.659496,-0.45949630737304403,1.0
xgb,TUR,2013,train,40.2,40.530617,-0.3306167602539034,1.0
xgb,TUR,2014,train,41.2,41.026356,0.17364425659179972,1.0
xgb,TUR,2015,train,42.9,42.636177,0.26382293701171733,1.0
xgb,TUR,2016,train,41.9,42.184185,-0.2841850280761733,1.0
xgb,TUR,2017,train,43.5,43.17666,0.32334136962890625,1.0
xgb,TUR,2018,train,42.4,42.48484,-0.08484039306640767,1.0
xgb,TZA,1991,train,35.3,35.369682,-0.06968231201172159,0.0
xgb,TZA,2018,train,40.5,40.292698,0.20730209350585938,0.0
xgb,UGA,1992,train,41.4,41.183987,0.2160133361816392,
xgb,UKR,1992,train,29.7,29.803911,-0.10391120910644602,1.0
xgb,UKR,1993,train,28.9,29.366356,-0.46635589599609517,1.0
xgb,UKR,1999,train,28.9,29.055325,-0.1553245544433608,1.0
xgb,UKR,2002,train,29.0,28.997942,0.0020580291748046875,1.0
xgb,UKR,2003,train,28.7,28.767063,-0.06706314086914134,1.0
xgb,UKR,2004,train,28.9,28.802948,0.09705200195312358,1.0
xgb,UKR,2005,train,29.0,28.62731,0.37269020080566406,1.0
xgb,UKR,2006,train,29.8,29.167156,0.6328437805175788,1.0
xgb,UKR,2007,train,27.0,27.64979,-0.6497898101806641,1.0
xgb,UKR,2008,train,26.6,26.533506,0.06649360656738423,1.0
xgb,UKR,2009,train,25.3,25.41371,-0.11370964050292898,1.0
xgb,UKR,2010,train,24.8,24.974392,-0.17439193725585866,1.0
xgb,UKR,2011,train,24.6,25.10958,-0.5095790863037095,1.0
xgb,UKR,2012,train,24.7,24.55747,0.14252967834472585,1.0
xgb,UKR,2013,train,24.6,25.211302,-0.6113018035888658,1.0
xgb,UKR,2014,train,24.0,23.870077,0.12992286682128906,1.0
xgb,UKR,2015,train,25.5,25.335127,0.1648731231689453,1.0
xgb,UKR,2016,train,25.0,25.31652,-0.31652069091796875,1.0
xgb,UKR,2017,train,26.0,25.939022,0.060977935791015625,1.0
xgb,UKR,2018,train,26.1,26.01033,0.08966979980468892,1.0
xgb,URY,1992,train,41.5,41.427135,0.07286453247070312,2.0
xgb,URY,1995,train,40.9,40.947197,-0.04719696044922017,2.0
xgb,URY,1996,train,40.8,40.70299,0.09700851440429403,2.0
xgb,URY,1998,train,42.5,42.728355,-0.22835540771484375,2.0
xgb,URY,2000,train,43.4,43.67726,-0.2772613525390639,2.0
xgb,URY,2001,train,45.0,44.94415,0.055850982666015625,2.0
xgb,URY,2002,train,45.5,45.497616,0.002384185791015625,2.0
xgb,URY,2003,train,45.0,44.950733,0.049266815185546875,2.0
xgb,URY,2004,train,45.9,46.071075,-0.17107543945312642,2.0
xgb,URY,2005,train,44.7,44.779396,-0.07939605712890341,2.0
xgb,URY,2006,train,45.9,45.7873,0.11269989013671733,2.0
xgb,URY,2007,train,46.4,46.164185,0.23581542968749858,2.0
xgb,URY,2008,train,45.1,45.60523,-0.5052284240722642,2.0
xgb,URY,2009,train,45.5,45.295223,0.20477676391601562,2.0
xgb,URY,2010,train,44.5,44.604992,-0.10499191284179688,2.0
xgb,URY,2011,train,42.2,42.008938,0.19106216430664347,2.0
xgb,URY,2012,train,39.9,40.179386,-0.27938613891601705,2.0
xgb,URY,2013,train,40.5,40.74571,-0.24570846557617188,2.0
xgb,URY,2014,train,40.1,39.562828,0.5371719360351577,2.0
xgb,URY,2015,train,40.1,40.33865,-0.23864974975585795,2.0
xgb,URY,2016,train,39.7,39.865685,-0.1656845092773409,2.0
xgb,URY,2017,train,39.5,39.508827,-0.00882720947265625,2.0
xgb,URY,2018,train,39.7,39.784077,-0.08407669067382528,2.0
xgb,USA,1990,train,38.3,38.27762,0.022381591796872158,2.0
xgb,USA,1991,train,38.0,38.412815,-0.4128150939941406,2.0
xgb,USA,1993,train,40.4,40.022423,0.37757720947265483,2.0
xgb,USA,1994,train,40.0,39.904163,0.09583663940429688,2.0
xgb,USA,1995,train,39.9,40.035255,-0.13525543212890767,2.0
xgb,USA,1996,train,40.3,40.244583,0.05541687011718466,2.0
xgb,USA,1998,train,40.0,40.106407,-0.10640716552734375,2.0
xgb,USA,1999,train,40.0,40.124985,-0.1249847412109375,2.0
xgb,USA,2005,train,41.3,41.32799,-0.027991485595705967,2.0
xgb,USA,2013,train,40.9,41.182213,-0.28221282958984517,2.0
xgb,USA,2014,train,41.7,41.616245,0.08375473022461222,2.0
xgb,USA,2015,train,41.5,41.380516,0.11948394775390625,2.0
xgb,USA,2016,train,41.3,41.47542,-0.17542190551758097,2.0
xgb,USA,2017,train,41.4,41.369476,0.03052368164062358,2.0
xgb,USA,2018,train,41.8,41.40594,0.3940589904785128,2.0
xgb,UZB,2000,train,35.9,35.856213,0.043787384033201704,1.0
xgb,UZB,2003,train,35.2,35.218296,-0.018296051025387783,1.0
xgb,VNM,2016,train,35.3,35.39273,-0.09273071289062784,1.0
xgb,VNM,2018,train,35.7,35.63894,0.06106109619140909,1.0
xgb,VUT,2010,train,37.4,37.77875,-0.37875137329101705,0.0
xgb,WSM,2002,train,40.7,40.809032,-0.10903244018554403,1.0
xgb,ZAF,2000,train,57.8,57.81961,-0.019610595703127842,2.0
xgb,ZAF,2005,train,65.0,64.58404,0.41596221923828125,2.0
xgb,ZAF,2008,train,62.5,62.647514,-0.14751434326171875,2.0
xgb,ZAF,2010,train,60.9,61.199547,-0.29954681396484517,2.0
xgb,ZAF,2014,train,59.6,58.938633,0.6613670349121108,2.0
xgb,ALB,2019,test,30.1,31.902588,-1.8025878906249986,1.0
xgb,ALB,2020,test,29.4,31.869074,-2.469073867797853,1.0
xgb,ARG,2019,test,43.3,40.696323,2.6036766052246065,2.0
xgb,ARG,2020,test,42.7,40.300102,2.399897766113284,2.0
xgb,ARG,2021,test,42.4,39.706985,2.693014526367186,2.0
xgb,ARG,2022,test,40.7,37.398483,3.3015167236328153,2.0
xgb,ARG,2023,test,42.4,37.962242,4.437757873535155,2.0
xgb,ARM,2019,test,30.0,34.58589,-4.5858917236328125,1.0
xgb,ARM,2020,test,25.1,34.312244,-9.212244415283202,1.0
xgb,ARM,2021,test,27.9,32.977573,-5.077573394775392,1.0
xgb,ARM,2022,test,27.9,31.706001,-3.8060012817382827,1.0
xgb,ARM,2023,test,27.2,35.116653,-7.916653442382813,1.0
xgb,AUS,2020,test,33.8,33.985878,-0.1858779907226591,2.0
xgb,AUT,2019,test,30.2,30.284092,-0.08409194946289134,2.0
xgb,AUT,2020,test,29.8,30.0335,-0.23350067138671804,2.0
xgb,AUT,2021,test,30.7,29.259678,1.4403221130371087,2.0
xgb,AUT,2022,test,30.9,30.022076,0.8779243469238267,2.0
xgb,AUT,2023,test,31.2,29.961731,1.2382690429687493,2.0
xgb,BDI,2020,test,37.5,41.734074,-4.234073638916016,0.0
xgb,BEL,2019,test,27.2,28.56234,-1.3623397827148445,2.0
xgb,BEL,2020,test,26.0,28.273605,-2.2736053466796875,2.0
xgb,BEL,2021,test,26.6,28.319862,-1.7198623657226548,2.0
xgb,BEL,2022,test,26.4,27.631517,-1.2315174102783217,2.0
xgb,BEL,2023,test,26.8,28.218637,-1.4186374664306634,2.0
xgb,BEN,2021,test,34.4,42.246548,-7.846547698974611,0.0
xgb,BFA,2021,test,37.4,41.498184,-4.098184204101564,0.0
xgb,BGD,2022,test,30.9,37.15677,-6.256768798828126,0.0
xgb,BGR,2019,test,40.3,36.59122,3.7087791442871065,
xgb,BGR,2020,test,40.5,36.52477,3.975231170654297,
xgb,BGR,2021,test,39.0,35.35476,3.6452407836914062,
xgb,BGR,2022,test,38.2,34.16478,4.035220336914065,
xgb,BGR,2023,test,39.5,34.967953,4.532047271728516,
xgb,BIH,2021,test,30.3,34.443325,-4.143325042724609,1.0
xgb,BLR,2019,test,25.3,28.408852,-3.1088516235351555,1.0
xgb,BLR,2020,test,24.4,28.551569,-4.151568984985353,1.0
xgb,BOL,2019,test,41.6,41.132214,0.46778640747070455,1.0
xgb,BOL,2020,test,43.6,39.361736,4.2382637023925795,1.0
xgb,BOL,2021,test,40.9,40.21825,0.6817497253417955,1.0
xgb,BOL,2022,test,41.2,41.695095,-0.49509506225585653,1.0
xgb,BOL,2023,test,42.1,40.779285,1.3207145690917983,1.0
xgb,BRA,2019,test,53.5,52.797775,0.7022247314453125,2.0
xgb,BRA,2020,test,48.8,51.555233,-2.755233001708987,2.0
xgb,BRA,2021,test,52.9,48.99596,3.9040397644042955,2.0
xgb,BRA,2022,test,51.9,49.8647,2.035299682617186,2.0
xgb,BTN,2022,test,28.5,34.39561,-5.895610809326172,0.0
xgb,CAN,2019,test,31.8,33.13909,-1.339091491699218,2.0
xgb,CAN,2020,test,29.9,31.968561,-2.068561172485353,2.0
xgb,CAN,2021,test,31.1,33.04538,-1.9453796386718736,2.0
xgb,CAN,2022,test,31.5,32.128788,-0.6287879943847656,2.0
xgb,CHE,2019,test,34.0,32.155224,1.8447761535644531,2.0
xgb,CHE,2020,test,33.7,32.38765,1.3123504638671903,2.0
xgb,CHE,2021,test,33.8,31.9537,1.8463008880615206,2.0
xgb,CHE,2022,test,33.8,32.665585,1.1344154357910128,2.0
xgb,CHL,2020,test,47.0,40.971138,6.028861999511719,2.0
xgb,CHL,2022,test,43.2,35.629208,7.5707923889160185,2.0
xgb,CIV,2021,test,35.3,42.478844,-7.178843688964847,0.0
xgb,CMR,2021,test,42.2,45.85244,-3.652439880371091,0.0
xgb,COL,2019,test,52.5,50.02263,2.4773712158203125,1.0
xgb,COL,2020,test,54.4,46.983753,7.4162467956542955,1.0
xgb,COL,2021,test,55.1,47.61801,7.481988525390626,1.0
xgb,COL,2022,test,54.8,42.85141,11.948590087890622,1.0
xgb,CRI,2019,test,48.2,47.469975,0.7300254821777372,2.0
xgb,CRI,2020,test,49.2,43.77861,5.421389770507815,2.0
xgb,CRI,2021,test,48.7,44.09612,4.60388107299805,2.0
xgb,CRI,2022,test,47.2,44.42415,2.7758514404296903,2.0
xgb,CRI,2023,test,46.7,43.859512,2.8404876708984403,2.0
xgb,CYP,2019,test,31.2,32.006264,-0.806263732910157,2.0
xgb,CYP,2020,test,31.7,31.767214,-0.06721382141113352,2.0
xgb,CYP,2021,test,31.3,31.681255,-0.38125534057617116,2.0
xgb,CYP,2022,test,31.5,32.77793,-1.2779312133789062,2.0
xgb,CYP,2023,test,31.8,31.987206,-0.18720550537109304,2.0
xgb,CZE,2019,test,25.3,26.15627,-0.8562690734863274,2.0
xgb,CZE,2020,test,26.2,26.920923,-0.7209232330322273,2.0
xgb,CZE,2021,test,26.2,27.094389,-0.8943889617919929,2.0
xgb,CZE,2022,test,25.9,25.977741,-0.07774124145507955,2.0
xgb,CZE,2023,test,25.7,26.810593,-1.1105926513671882,2.0
xgb,DEU,2019,test,32.2,31.327635,0.8723651885986357,2.0
xgb,DEU,2020,test,32.5,30.88327,1.616729736328125,2.0
xgb,DEU,2021,test,33.6,31.342443,2.257556533813478,2.0
xgb,DEU,2022,test,33.7,30.365124,3.334876251220706,2.0
xgb,DNK,2019,test,27.7,28.439974,-0.7399738311767585,2.0
xgb,DNK,2020,test,27.5,28.331667,-0.8316669464111328,2.0
xgb,DNK,2021,test,28.3,28.483572,-0.18357200622558523,2.0
xgb,DNK,2022,test,29.3,30.101528,-0.8015281677246087,2.0
xgb,DNK,2023,test,29.9,28.456388,1.4436115264892564,2.0
xgb,DOM,2019,test,41.9,46.296574,-4.396573638916017,1.0
xgb,DOM,2020,test,39.6,45.0666,-5.4666007995605455,1.0
xgb,DOM,2021,test,38.5,44.757275,-6.257274627685547,1.0
xgb,DOM,2022,test,37.0,45.00839,-8.00838851928711,1.0
xgb,DOM,2023,test,38.4,44.635834,-6.235833740234376,1.0
xgb,ECU,2019,test,45.7,45.273678,0.42632217407226847,1.0
xgb,ECU,2020,test,47.3,44.391937,2.908062744140622,1.0
xgb,ECU,2021,test,45.8,43.931274,1.8687255859374972,1.0
xgb,ECU,2022,test,45.5,46.611732,-1.1117324829101562,1.0
xgb,ECU,2023,test,44.6,45.792,-1.1919998168945298,1.0
xgb,EGY,2019,test,31.9,33.058235,-1.1582351684570327,1.0
xgb,EGY,2021,test,28.5,32.829994,-4.329994201660156,1.0
xgb,ESP,2019,test,34.3,34.607784,-0.3077842712402372,2.0
xgb,ESP,2020,test,34.9,34.73681,0.16319122314452983,2.0
xgb,ESP,2021,test,33.9,34.419903,-0.5199028015136733,2.0
xgb,ESP,2022,test,33.6,33.92774,-0.3277381896972642,2.0
xgb,ESP,2023,test,33.4,33.61021,-0.2102104187011733,2.0
xgb,EST,2019,test,30.8,29.793081,1.0069187164306648,2.0
xgb,EST,2020,test,30.7,30.99142,-0.2914207458496101,2.0
xgb,EST,2021,test,31.8,30.545855,1.2541454315185554,2.0
xgb,EST,2022,test,32.3,30.720728,1.5792720794677706,2.0
xgb,EST,2023,test,30.7,31.014503,-0.31450347900390696,2.0
xgb,FIN,2019,test,27.7,26.511652,1.1883480072021477,2.0
xgb,FIN,2020,test,27.1,26.893715,0.20628509521484517,2.0
xgb,FIN,2021,test,27.7,26.340586,1.3594142913818352,2.0
xgb,FIN,2022,test,27.9,26.819342,1.0806583404541001,2.0
xgb,FIN,2023,test,27.4,26.86634,0.5336593627929673,2.0
xgb,FJI,2019,test,30.7,32.02457,-1.3245704650878913,1.0
xgb,FRA,2019,test,31.2,31.846384,-0.6463840484619148,2.0
xgb,FRA,2020,test,30.7,31.944588,-1.244587707519532,2.0
xgb,FRA,2021,test,31.5,31.791517,-0.2915172576904297,2.0
xgb,FRA,2022,test,31.2,30.218094,0.9819061279296868,2.0
xgb,FRA,2023,test,31.8,30.61194,1.188059616088868,2.0
xgb,GBR,2019,test,32.8,33.04927,-0.24927062988281534,2.0
xgb,GBR,2020,test,32.7,32.937405,-0.23740463256835653,2.0
xgb,GBR,2021,test,32.4,32.964874,-0.5648742675781264,2.0
xgb,GEO,2019,test,35.9,37.704967,-1.8049674987792983,2.0
xgb,GEO,2020,test,34.5,35.782597,-1.2825965881347656,2.0
xgb,GEO,2021,test,34.2,37.665092,-3.465092468261716,2.0
xgb,GEO,2022,test,33.5,37.6466,-4.146598815917969,2.0
xgb,GEO,2023,test,34.8,38.98113,-4.181128692626956,2.0
xgb,GRC,2019,test,33.1,34.807663,-1.707662963867186,2.0
xgb,GRC,2020,test,33.6,34.517178,-0.917177581787108,2.0
xgb,GRC,2021,test,32.9,33.734447,-0.8344474792480483,2.0
xgb,GRC,2022,test,33.4,34.165047,-0.7650466918945327,2.0
xgb,GRC,2023,test,33.4,34.41918,-1.0191818237304702,2.0
xgb,GTM,2023,test,45.2,49.642784,-4.442784118652341,1.0
xgb,HND,2019,test,48.2,50.900238,-2.700238037109372,1.0
xgb,HND,2023,test,46.8,52.4854,-5.685401153564456,1.0
xgb,HRV,2019,test,28.9,29.916178,-1.0161777496337905,2.0
xgb,HRV,2020,test,29.5,29.827738,-0.32773780822753906,2.0
xgb,HRV,2021,test,28.9,29.952137,-1.0521369934082045,2.0
xgb,HRV,2022,test,30.0,30.471588,-0.471588134765625,2.0
xgb,HRV,2023,test,30.1,30.41429,-0.31428947448730327,2.0
xgb,IDN,2019,test,35.4,37.80845,-2.4084487915039077,1.0
xgb,IDN,2020,test,35.3,37.604927,-2.304927062988284,1.0
xgb,IDN,2021,test,35.5,37.72776,-2.2277603149414062,1.0
xgb,IDN,2022,test,35.5,37.62801,-2.128009796142578,1.0
xgb,IDN,2023,test,36.1,39.03461,-2.934610748291014,1.0
xgb,IND,2022,test,25.5,35.143536,-9.643535614013672,0.0
xgb,IRL,2019,test,30.3,31.355091,-1.0550910949707024,2.0
xgb,IRL,2020,test,29.2,31.20935,-2.0093505859375007,2.0
xgb,IRL,2021,test,29.4,30.786331,-1.386331176757814,2.0
xgb,IRL,2022,test,29.9,30.29569,-0.39569053649902486,2.0
xgb,IRN,2020,test,35.8,35.988026,-0.18802566528320597,1.0
xgb,IRN,2022,test,34.8,37.443188,-2.6431877136230497,1.0
xgb,IRN,2023,test,35.9,36.770443,-0.8704429626464858,1.0
xgb,ISL,2019,test,26.8,27.506504,-0.7065040588378899,2.0
xgb,ISR,2019,test,38.3,37.24546,1.054539489746091,2.0
xgb,ISR,2020,test,37.8,36.054768,1.745232391357419,2.0
xgb,ISR,2021,test,37.9,36.52208,1.377920532226561,2.0
xgb,ISR,2022,test,38.3,36.41118,1.8888214111328097,2.0
xgb,ITA,2019,test,34.6,34.6265,-0.026499176025389204,2.0
xgb,ITA,2020,test,35.2,34.674366,0.5256340026855497,2.0
xgb,ITA,2021,test,34.8,34.010307,0.7896926879882784,2.0
xgb,ITA,2022,test,33.7,33.445385,0.25461502075195597,2.0
xgb,ITA,2023,test,34.3,35.694084,-1.3940841674804716,2.0
xgb,JAM,2021,test,39.9,34.710102,5.1898979187011705,1.0
xgb,JPN,2019,test,33.0,32.641243,0.35875701904296875,2.0
xgb,JPN,2020,test,32.3,32.204575,0.09542541503905966,2.0
xgb,KAZ,2019,test,28.0,29.74802,-1.7480201721191406,2.0
xgb,KAZ,2020,test,28.7,33.393272,-4.6932723999023445,2.0
xgb,KAZ,2021,test,29.2,33.44793,-4.2479293823242195,2.0
xgb,KEN,2021,test,38.7,39.708946,-1.008946228027341,0.0
xgb,KEN,2022,test,38.5,37.99332,0.5066795349121094,0.0
xgb,KGZ,2019,test,29.7,29.72356,-0.023560333251953836,1.0
xgb,KGZ,2020,test,29.0,32.151623,-3.151622772216797,1.0
xgb,KGZ,2021,test,28.8,28.500122,0.2998779296875007,1.0
xgb,KGZ,2023,test,27.2,30.31884,-3.1188400268554695,1.0
xgb,KIR,2023,test,24.7,38.606922,-13.906922149658204,
xgb,KOR,2019,test,33.2,33.003345,0.19665451049804972,2.0
xgb,KOR,2020,test,32.7,33.90986,-1.2098587036132784,2.0
xgb,KOR,2021,test,32.9,32.490364,0.40963592529296733,2.0
xgb,LBN,2022,test,35.5,41.404247,-5.904247283935547,2.0
xgb,LTU,2019,test,35.3,35.549328,-0.24932785034179972,2.0
xgb,LTU,2020,test,36.0,34.18084,1.8191604614257812,2.0
xgb,LTU,2021,test,36.7,33.29581,3.404189300537112,2.0
xgb,LTU,2022,test,36.6,33.811054,2.7889457702636733,2.0
xgb,LTU,2023,test,36.0,32.9587,3.041301727294922,2.0
xgb,LUX,2019,test,34.2,34.326275,-0.12627487182616903,2.0
xgb,LUX,2020,test,33.4,32.11554,1.2844604492187486,2.0
xgb,LUX,2021,test,32.7,32.8578,-0.15779953002929403,2.0
xgb,LUX,2022,test,34.1,33.732693,0.36730728149414205,2.0
xgb,LUX,2023,test,33.6,33.59492,0.005078887939454546,2.0
xgb,LVA,2019,test,34.5,34.42095,0.07904815673828125,2.0
xgb,LVA,2020,test,35.7,33.872776,1.8272239685058622,2.0
xgb,LVA,2021,test,34.3,33.641716,0.6582839965820284,2.0
xgb,LVA,2022,test,33.7,32.21185,1.4881507873535185,2.0
xgb,LVA,2023,test,34.0,33.267467,0.7325325012207031,2.0
xgb,MDA,2019,test,26.0,27.597647,-1.597646713256836,1.0
xgb,MDA,2020,test,25.0,27.895487,-2.895486831665039,1.0
xgb,MDA,2021,test,25.7,27.246906,-1.5469062805175788,1.0
xgb,MDA,2022,test,25.9,27.887209,-1.9872089385986342,1.0
xgb,MDA,2023,test,26.8,31.428143,-4.628142547607421,1.0
xgb,MDG,2021,test,36.8,46.05555,-9.255549621582034,0.0
xgb,MDV,2019,test,29.3,42.27237,-12.972369384765624,1.0
xgb,MEX,2020,test,44.6,44.73775,-0.1377510070800767,2.0
xgb,MEX,2022,test,43.5,41.41045,2.089550018310547,2.0
xgb,MHL,2019,test,35.5,30.628199,4.871801376342773,1.0
xgb,MKD,2019,test,33.5,36.146774,-2.6467742919921875,1.0
xgb,MLT,2019,test,31.0,29.551233,1.4487667083740234,2.0
xgb,MLT,2020,test,31.4,28.173035,3.2269653320312486,2.0
xgb,MLT,2021,test,31.6,28.964588,2.6354118347167983,2.0
xgb,MLT,2022,test,34.6,29.299408,5.300592041015626,2.0
xgb,MLT,2023,test,31.8,30.862713,0.9372871398925788,2.0
xgb,MNE,2019,test,35.7,36.35481,-0.654808807373044,2.0
xgb,MNE,2020,test,35.4,36.229908,-0.8299079895019545,2.0
xgb,MNE,2021,test,34.3,37.11121,-2.8112098693847685,2.0
xgb,MNG,2022,test,31.4,34.777348,-3.377347564697267,1.0
xgb,MRT,2019,test,32.0,37.016186,-5.016185760498047,0.0
xgb,MWI,2019,test,38.5,46.63067,-8.130668640136719,0.0
xgb,MYS,2021,test,40.7,39.363823,1.336177062988284,1.0
xgb,NLD,2019,test,29.2,27.52505,1.6749507904052727,2.0
xgb,NLD,2020,test,26.0,28.42151,-2.421510696411133,2.0
xgb,NLD,2021,test,25.7,28.623302,-2.9233024597167976,2.0
xgb,NOR,2019,test,27.7,26.817713,0.8822872161865227,2.0
xgb,NOR,2020,test,28.4,28.439905,-0.039905166625977984,2.0
xgb,NOR,2021,test,29.1,26.992476,2.1075244903564467,2.0
xgb,NOR,2022,test,26.9,29.825356,-2.9253555297851577,2.0
xgb,NOR,2023,test,26.5,27.803402,-1.3034019470214844,2.0
xgb,NPL,2022,test,30.0,36.997955,-6.997955322265625,0.0
xgb,PER,2019,test,41.5,41.590202,-0.09020233154296875,1.0
xgb,PER,2020,test,43.7,41.7356,1.9644004821777372,1.0
xgb,PER,2021,test,40.1,40.72685,-0.6268486022949205,1.0
xgb,PER,2022,test,40.3,38.95232,1.347679901123044,1.0
xgb,PER,2023,test,40.7,40.05876,0.6412384033203153,1.0
xgb,PHL,2021,test,40.7,42.344982,-1.644982147216794,1.0
xgb,PHL,2023,test,39.3,39.61763,-0.31763000488281534,1.0
xgb,POL,2019,test,28.8,30.519516,-1.7195159912109368,2.0
xgb,POL,2020,test,28.5,29.673,-1.1730003356933594,2.0
xgb,POL,2021,test,28.5,28.770159,-0.2701587677001953,2.0
xgb,POL,2022,test,28.9,30.811737,-1.9117370605468764,2.0
xgb,POL,2023,test,28.5,30.260956,-1.760955810546875,2.0
xgb,PRT,2019,test,32.8,34.077957,-1.2779571533203153,2.0
xgb,PRT,2020,test,34.7,35.08206,-0.38206176757812216,2.0
xgb,PRT,2021,test,34.6,32.20644,2.3935600280761733,2.0
xgb,PRT,2022,test,36.3,32.865227,3.4347732543945284,2.0
xgb,PRT,2023,test,33.9,33.61304,0.28695907592773295,2.0
xgb,PRY,2020,test,43.5,47.11111,-3.6111106872558594,1.0
xgb,PRY,2021,test,42.9,43.516983,-0.6169830322265639,1.0
xgb,PRY,2022,test,44.6,44.170483,0.42951736450195455,1.0
xgb,PRY,2023,test,44.2,45.888317,-1.688317108154294,1.0
xgb,PSE,2023,test,36.4,37.51175,-1.1117492675781264,1.0
xgb,ROU,2019,test,34.8,35.34379,-0.5437881469726591,1.0
xgb,ROU,2020,test,34.6,34.83514,-0.23514022827148295,1.0
xgb,ROU,2021,test,33.9,33.00107,0.8989318847656236,1.0
xgb,ROU,2022,test,32.3,33.068375,-0.7683746337890653,1.0
xgb,ROU,2023,test,29.8,34.578217,-4.778216552734374,1.0
xgb,RUS,2019,test,35.7,36.13485,-0.4348495483398409,2.0
xgb,RUS,2020,test,33.7,38.010666,-4.310665893554685,2.0
xgb,RUS,2021,test,35.1,37.6216,-2.5216011047363267,2.0
xgb,RUS,2022,test,33.9,37.115265,-3.2152648925781264,2.0
xgb,RUS,2023,test,33.0,38.090233,-5.090232849121094,2.0
xgb,RWA,2023,test,39.4,36.70244,2.697561645507811,0.0
xgb,SEN,2021,test,36.2,42.350216,-6.1502159118652315,0.0
xgb,SLV,2019,test,38.8,42.84744,-4.047438812255862,1.0
xgb,SLV,2021,test,39.0,42.87004,-3.8700408935546875,1.0
xgb,SLV,2022,test,38.8,44.970314,-6.170314025878909,1.0
xgb,SLV,2023,test,39.8,44.397747,-4.597747039794925,1.0
xgb,SRB,2019,test,34.5,33.641285,0.8587150573730469,1.0
xgb,SRB,2020,test,35.0,32.00185,2.998149871826172,1.0
xgb,SRB,2021,test,33.1,31.414171,1.685828781127931,1.0
xgb,SRB,2022,test,32.8,29.229357,3.570643234252927,1.0
xgb,SUR,2022,test,39.2,40.690456,-1.4904563903808565,1.0
xgb,SVK,2019,test,23.2,24.463757,-1.2637565612792976,2.0
xgb,SVK,2020,test,24.2,24.888346,-0.6883457183837898,2.0
xgb,SVK,2021,test,24.1,25.648436,-1.5484355926513658,2.0
xgb,SVK,2022,test,24.1,25.711864,-1.6118644714355455,2.0
xgb,SVK,2023,test,23.8,24.678556,-0.8785564422607415,2.0
xgb,SVN,2019,test,24.4,24.948523,-0.5485225677490249,2.0
xgb,SVN,2020,test,24.0,25.560064,-1.5600643157958984,2.0
xgb,SVN,2021,test,24.3,25.288977,-0.9889766693115227,2.0
xgb,SVN,2022,test,24.3,25.477448,-1.1774475097656243,2.0
xgb,SVN,2023,test,24.7,26.045729,-1.3457286834716804,2.0
xgb,SWE,2019,test,29.3,29.08044,0.21955947875976634,2.0
xgb,SWE,2020,test,28.9,28.617327,0.28267326354980327,2.0
xgb,SWE,2021,test,29.8,28.688631,1.111368942260743,2.0
xgb,SWE,2022,test,31.6,28.641493,2.9585071563720717,2.0
xgb,SWE,2023,test,29.3,28.990881,0.3091190338134773,2.0
xgb,SYR,2022,test,26.4,39.84833,-13.448331451416017,
xgb,TGO,2021,test,37.9,43.984814,-6.084813690185548,0.0
xgb,THA,2019,test,34.9,37.137596,-2.237596130371095,1.0
xgb,THA,2020,test,35.0,37.90135,-2.901348114013672,1.0
xgb,THA,2021,test,34.9,37.406696,-2.5066963195800795,1.0
xgb,THA,2022,test,34.3,36.59952,-2.2995216369628935,1.0
xgb,THA,2023,test,33.5,37.330402,-3.830402374267578,1.0
xgb,TJK,2021,test,32.4,30.724699,1.6753009796142564,1.0
xgb,TJK,2022,test,39.5,32.13841,7.361591339111328,1.0
xgb,TJK,2023,test,38.0,31.468897,6.531103134155273,1.0
xgb,TON,2021,test,27.1,35.566784,-8.466783905029295,1.0
xgb,TUR,2019,test,43.8,42.798862,1.0011375427246065,1.0
xgb,TUR,2020,test,43.0,40.668297,2.3317031860351562,1.0
xgb,TUR,2021,test,44.4,39.627754,4.772245788574217,1.0
xgb,TUR,2022,test,44.5,40.11307,4.386928558349609,1.0
xgb,TUR,2023,test,43.7,40.047306,3.652693939208987,1.0
xgb,UKR,2019,test,26.6,29.018423,-2.4184230804443345,1.0
xgb,UKR,2020,test,25.6,31.12949,-5.529489898681639,1.0
xgb,URY,2019,test,39.7,38.973335,0.7266647338867216,2.0
xgb,URY,2020,test,40.2,40.633717,-0.4337165832519503,2.0
xgb,URY,2021,test,40.8,38.275185,2.524815368652341,2.0
xgb,URY,2022,test,40.6,37.2323,3.3677001953125014,2.0
xgb,URY,2023,test,40.9,36.79994,4.100061798095702,2.0
xgb,USA,2019,test,41.9,40.5871,1.312899017333983,2.0
xgb,USA,2020,test,40.0,40.573727,-0.5737266540527344,2.0
xgb,USA,2021,test,39.7,40.22911,-0.5291107177734347,2.0
xgb,USA,2022,test,41.7,39.684246,2.015753936767581,2.0
xgb,UZB,2021,test,32.9,29.162916,3.737083816528319,1.0
xgb,UZB,2022,test,31.2,29.610416,1.5895835876464837,1.0
xgb,UZB,2023,test,34.5,30.606695,3.8933048248291016,1.0
xgb,VNM,2020,test,36.8,37.205967,-0.40596694946289347,1.0
xgb,VNM,2022,test,36.1,34.024857,2.075143432617189,1.0
xgb,ZAF,2022,test,54.1,44.56504,9.534959411621095,2.0
